-- phpMyAdmin SQL Dump
-- version 4.7.4
-- https://www.phpmyadmin.net/
--
-- Servidor: 127.0.0.1
-- Tiempo de generación: 13-12-2018 a las 01:43:45
-- Versión del servidor: 10.1.29-MariaDB
-- Versión de PHP: 7.1.12

SET SQL_MODE = "NO_AUTO_VALUE_ON_ZERO";
SET AUTOCOMMIT = 0;
START TRANSACTION;
SET time_zone = "+00:00";


/*!40101 SET @OLD_CHARACTER_SET_CLIENT=@@CHARACTER_SET_CLIENT */;
/*!40101 SET @OLD_CHARACTER_SET_RESULTS=@@CHARACTER_SET_RESULTS */;
/*!40101 SET @OLD_COLLATION_CONNECTION=@@COLLATION_CONNECTION */;
/*!40101 SET NAMES utf8mb4 */;

--
-- Base de datos: `facebluff`
--

-- --------------------------------------------------------

--
-- Estructura de tabla para la tabla `amistad`
--

CREATE TABLE `amistad` (
  `Amigado` varchar(100) NOT NULL,
  `Amigador` varchar(100) NOT NULL,
  `Estado` varchar(30) NOT NULL
) ENGINE=InnoDB DEFAULT CHARSET=latin1;

--
-- Volcado de datos para la tabla `amistad`
--

INSERT INTO `amistad` (`Amigado`, `Amigador`, `Estado`) VALUES
('neku@ascii.com', 'pont@loco.es', 'amigo'),
('pascal@ascii.com', 'pont@loco.es', 'amigo'),
('pont@loco.es', 'yago@ascii.com', 'amigo');

-- --------------------------------------------------------

--
-- Estructura de tabla para la tabla `preguntas`
--

CREATE TABLE `preguntas` (
  `id` int(10) NOT NULL,
  `texto` varchar(100) NOT NULL
) ENGINE=InnoDB DEFAULT CHARSET=latin1;

--
-- Volcado de datos para la tabla `preguntas`
--

INSERT INTO `preguntas` (`id`, `texto`) VALUES
(1, '¿En que año fue 1 + 1?'),
(2, '¿Tu eres mas de ASCII o de ASCII?'),
(3, '¿Qué llevas puesto?'),
(4, 'En qué año fue 1 + 1?'),
(5, 'Que pasa cuando mayo marcea'),
(11, '¿Qué llevo en el bolsillo?'),
(12, '¿Cual es tu color favorito?'),
(13, 'Perros o gatos'),
(14, 'culos o tetas'),
(15, 'Compadre compreme un coco'),
(16, 'Compadre compreme un coco'),
(17, 'Compadre compreme un coco'),
(18, 'Compadre compreme un coco'),
(19, 'Compadre compreme un coco'),
(20, 'Compadre compreme un coco'),
(21, 'Compadre compreme un coco'),
(22, 'asdfadsfads');

-- --------------------------------------------------------

--
-- Estructura de tabla para la tabla `respuestas`
--

CREATE TABLE `respuestas` (
  `id` int(10) NOT NULL,
  `idPregunta` int(10) NOT NULL,
  `texto` varchar(100) NOT NULL
) ENGINE=InnoDB DEFAULT CHARSET=latin1;

--
-- Volcado de datos para la tabla `respuestas`
--

INSERT INTO `respuestas` (`id`, `idPregunta`, `texto`) VALUES
(1, 1, 'el fantástico Ralph'),
(2, 1, 'al menos dos'),
(3, 2, 'De ASCII'),
(4, 2, 'de ascii, por supuesto'),
(8, 1, ''),
(9, 1, 'Las tortillas en dinamarca son cuadradas'),
(12, 3, 'Nada'),
(18, 5, 'Que Marzo mayea'),
(19, 12, 'Azul'),
(20, 13, 'Perros'),
(21, 11, 'Una cuerda o Nada'),
(22, 22, '45hw45rhb'),
(23, 22, 'asdfah4w'),
(24, 22, 'hhw45'),
(25, 22, 'q');

-- --------------------------------------------------------

--
-- Estructura de tabla para la tabla `respuestausuario`
--

CREATE TABLE `respuestausuario` (
  `idPregunta` int(10) NOT NULL,
  `idRespuesta` int(10) NOT NULL,
  `usuario` varchar(100) NOT NULL
) ENGINE=InnoDB DEFAULT CHARSET=latin1;

--
-- Volcado de datos para la tabla `respuestausuario`
--

INSERT INTO `respuestausuario` (`idPregunta`, `idRespuesta`, `usuario`) VALUES
(1, 1, 'pont@loco.es'),
(1, 2, 'neku@ascii.com'),
(2, 1, 'neku@ascii.com'),
(3, 1, 'pont@loco.es'),
(3, 12, 'pont@loco.es'),
(5, 18, 'pont@loco.es'),
(11, 21, 'pont@loco.es'),
(12, 19, 'pont@loco.es'),
(13, 20, 'pont@loco.es'),
(22, 25, 'pont@loco.es');

-- --------------------------------------------------------

--
-- Estructura de tabla para la tabla `sessions`
--

CREATE TABLE `sessions` (
  `session_id` varchar(128) CHARACTER SET utf8mb4 COLLATE utf8mb4_bin NOT NULL,
  `expires` int(11) UNSIGNED NOT NULL,
  `data` text CHARACTER SET utf8mb4 COLLATE utf8mb4_bin
) ENGINE=InnoDB DEFAULT CHARSET=latin1;

--
-- Volcado de datos para la tabla `sessions`
--

INSERT INTO `sessions` (`session_id`, `expires`, `data`) VALUES
('dUU4f8JbtOIwicLKLYL4UIT-EJ_HWOYo', 1544747997, '{\"cookie\":{\"originalMaxAge\":null,\"expires\":null,\"httpOnly\":true,\"path\":\"/\"},\"userName\":\"pont\",\"email\":\"pont@loco.es\",\"img\":true,\"nacimiento\":\"\",\"sexo\":\"\",\"puntos\":0,\"amigos\":[{\"userName\":\"nerea\",\"estado\":\"amigo\",\"img\":{\"type\":\"Buffer\",\"data\":[103,97,116,111,46,106,112,103]},\"email\":\"neku@ascii.com\"},{\"userName\":\"Pascal\",\"estado\":\"amigo\",\"img\":null,\"email\":\"pascal@ascii.com\"},{\"userName\":\"Yago\",\"estado\":\"amigo\",\"img\":null,\"email\":\"yago@ascii.com\"}],\"solicitudes\":[]}'),
('h_sgGai6Vzq3-tuhZ1gNNqOki4Kk8Sze', 1544657233, '{\"cookie\":{\"originalMaxAge\":null,\"expires\":null,\"httpOnly\":true,\"path\":\"/\"},\"error\":\"usuario no encontrado\",\"userName\":\"pont\",\"email\":\"pont@loco.es\",\"img\":\"diploascii.jpg\",\"nacimiento\":\"\",\"sexo\":\"\",\"puntos\":0,\"amigos\":[{\"userName\":\"nerea\",\"estado\":\"amigo\",\"img\":\"gato.jpg\",\"email\":\"neku@ascii.com\"},{\"userName\":\"Yago\",\"estado\":\"amigo\",\"img\":null,\"email\":\"yago@ascii.com\"}],\"solicitudes\":[{\"userName\":\"Pascal\",\"estado\":\"solicitud\",\"img\":null,\"email\":\"pascal@ascii.com\"}]}');

-- --------------------------------------------------------

--
-- Estructura de tabla para la tabla `users`
--

CREATE TABLE `users` (
  `email` varchar(100) NOT NULL,
  `password` varchar(100) NOT NULL,
  `img` longblob,
  `userName` varchar(100) NOT NULL,
  `sexo` varchar(15) NOT NULL,
  `nacimiento` varchar(10) NOT NULL,
  `puntos` int(11) NOT NULL DEFAULT '0'
) ENGINE=InnoDB DEFAULT CHARSET=latin1;

--
-- Volcado de datos para la tabla `users`
--

INSERT INTO `users` (`email`, `password`, `img`, `userName`, `sexo`, `nacimiento`, `puntos`) VALUES
('neku@ascii.com', 'caraculo', 0x6761746f2e6a7067, 'nerea', '', '', 0),
('Noel@ascii.com', 'caca', NULL, 'Noel', 'hombre', '19890615', 0),
('pascal@ascii.com', 'pascal', NULL, 'Pascal', '', '', 0);
INSERT INTO `users` (`email`, `password`, `img`, `userName`, `sexo`, `nacimiento`, `puntos`) VALUES
('pont@loco.es', 'kaka', 0xffd8ffe000104a46494600010100000100010000ffdb008400040606070707080707090b0908090b0c0a09090c0e110d0d0b0c1214171615110e111818201b16111f1914141f231d1f2023252424181a282c29252b212426250103040504050505050506230606091f23202320232424242423242323232424242424242424242424242423242424242424242424242424242424242424242424ffc2001108018902bc03011100021101031101ffc4001c0000020203010100000000000000000000030402050106070008ffda0008010100000000d5e50f7b3108352ebd910c51009302a1af5d512a11004118a22c647543c62181821ef7b31f7a39c0fdec62318e21ecfbe80e514c2042c3b3f92a6a4d529b188fd9d984e3e9053d5fb527088a0102605455424c0b04210882280fd29eedab50550f111cb19f4730f4319867d1f4630c63398fd35c09710578efdd410aca1d53535f30fb3278846598a945d9508e0300ae98145ea8084545e0b806bc470ccf61e854f715fafeb7aed5463ec7b18f63180e623f6318cfa59cfd51f3704630ac4ee37c8d46a1a2d4c85f64fbd2f633e56bbaca78c0c605565515ea415f8500254315c701ca7be5b5dc4330b959ae6adac5763dec7b18c7a22c8f11f7b24f7d8df3b6a8018821d87becabf58e79a5e07f62c4fe94e38afcf505bc31ae14d44d35ead7aff222ca61c2a214278ebacdc0fde6a4a52d252e7d45ac2188e7308fbd186719c4ddfb0f9571a54010861d7ba78eb345e4f5c2fb2679913310d25ef42572018174d645052a855de4c3352104858811aed0c5a52583f5724d310f54d73a4bd41ab51ebe98fd1c7b18f4679dafea3d039d68a0080006be97b6468340e668fd9b819258f2f47b86e6be023005256bd34aa855b9517c2621ae2cc65b4751b4a3d9c0b8b210c879ace57b16e75b6d25b4ed6f5b42318fbd8974dfa2750a1e2d5c000570efddb3d18732e3bf65c8629e451d63a6df820382e049445242bd543c9046a846b42382effd0aaf6c0e211f0918b45253f346ba5e725d1c6fa94fac6b95f194bb7762d76bf9c73c5c2bacb8bbfeef90b1ca7af67cafbd85b58ed6c8c6282c0495af52b905abb0a2f050025a31f17b14f6f946598f875feb13e2e075137abeeea2b6b35bd5fa13baaebd49adfd0dbed186a387d309702cbdd7d28c78e2260f1547006b3df571c050597416413ae4964049ae258005a1e9d8f60ba69a5a33f13c946d4b8e965c27570d8323aba3e6bc8bba44d4dcdfb959ad5e3d178faf0557583d8bac4e0e2f92786a793d7fbd2511860a2e82d58bd626a2a25170040a847826f1b76e426418ce49200ad6375beeaf5bbcfb18ce059d1f83fbadcebfe7dfac965d40a7c5f50009559727d3f7519162299554aad7eda9404312cb56a958b54ac9ae002c282cb861e3758b6d9859c4878725013c6dc363d6ad0faf59b71f733dd99e6df3bf7fb9a6f9afee8d3e4150343c1d30894596e85de4ca312889c9a1adbbd69480820594ad4aac14e1417080201ae11e264eabbcb60cc8f0c148383a7dbefeaad352d4ef3704eb92a7e8fac70fd6bbff002ee61f6ae96392631f1cd00625d44c5f48ede4598c4e3316b1b16fca404259352b52a805385012c002f008e30cd874fe8328f8a7f2e6661169ddd476faff0020dcee697724b62e6db15c731f9bfe88e22e7d59a90cb94e743c0d312ca269ec9f4bc0f22c401535de95b02d00095551acafa80d30ebe2a2e05c421c7c6dab71e8992fa652432d2f26363576db2d7f89f5fc03688269eadb4ea3f3d747e11d8fbed46279020bf34e6698544945bb8754c4a1356baab56fa00a01844a2f5f5b5954b538ab20a2c1587117a67df6fba417de99fd39e3207771d7ba19f9fe93d104eec4c68b576b0a3f993a2724fa43a3e6434b29a8a703a3486926a33f4edd67018556ad43f4ca6b8c304d7ad42baa56a71d48d3580b4461c4cdd76e762b439a7ef6646f0c9b42d776dce2ef74af611d834bd03628e93c2f65e7ff005e90f67ece415e3d178b28ba8924bdd7d4fe18974b5107d14804400a4bd757d657a3550a8822b8423187c67fb1deebbb2d8499210a431a3671b3f5af1eef29ec14934e8d3735bf9efa771757edad680e1cb1912b7dc234e4d35d1441f60e7ca2286b379d9921804aac9d5a5528a15c0ab1a8b8c2284324db3a4d9eb1bce726c44a7cf9bd81af566d35db16bdbfe8c3bcd46d96f943a4ed9f34b3f7c6922813c56672afd7fe7fae5164abd1fae83ec56d2eb9d437f44600289a950a54ad5c82b5f8557088108631d5b70606bdff00a64c7a5081f75a3bf4e36311ec54d236bd2e7da1dae915fb7fd9fa31b10c4c9978d45c739f26b2d595ff005aaab851d7b5bfa02ed20800a249542950bd52cb24302c300070c4fbc21b1675fda0d89c719144fb0d8f31deaca88db11aa36462a3da2715ef1f304baefd5b429c30410d96c696bbc16bc0ad7a3f53491aeafd7e83ea01a835564d1acac4e98556ba8a8c4b04401c22cf49b9b6c1351db0995ca65876fb3e345bda94c9be6baceda56d8d7fe64ee1f3f1fe80ee400203278189b88eafa4f36101047e9d8af5949ae43e99ac001559152aab50a91d40920884b042b0a30181dbdd89ff00565b3e32fa2462e6c89a68479919fd8efba4d16b1c1772e6c7fa936cf1fcac7060d12ccb8a708a81235bf4e456aba0d52f3e81aa5c28ac8a755595f58b54c908042b2e051784623c63d372d5f56679e22a62d5c2cd057d1b0beddfae7b8fd0698a97ed51672632d13c6bc2daf0d47900d343e839414a0d4778eb356bae9ad5ea53a1555cbd57abf2b0975164d584711c63def7bc73fb11910d229ac9af7965fdb1f58e99f376d9ce08cfdd3cbee18939313eb60492f92f1dd5d5afef520235141d336fad02ca275e952ad528235f0af9ac00acaa690b188e3def7bdef67d9214b99cf0560e796171daed7797bcea7b0fd83c99e7dc65db44136e21ae9e6878baa977d0015a9a8eb6dd781459246baa95a952ad30a1259712cba680e388c7def7bdef67d9f66522127199666363de7be98e0a89baafd0fcf18b3db7c40925ec0d75882e63cfc3dc8b84eb93ea55c90135504ebaad3aa05481657cb2abaea2898e3187bdecce52911a79b224dc4329ca65bddacc2c6b3b373c21bba766d5483bc7fcc9b30cc6301c6b383d476b60c186773a6517496450acae4ea47590af0404a0154d44e3b28ac67802cb4312249bb36d5f5706d1e998cad2ef7726f5573f217e97e9b4809535d5a34463c096700545ce39b7669ca70b0baa55d6517af46a9442ac755eae0862a2a04d44e1d17c1512516b4b575ecaf5f4889665dafb0ed4f9dad5f93f39dc76c125ca887fb07664a7e411b6b5379f10706c5666bf89ef9646866d1aa9597596ad52a815b5eb21eabc2a35d65d64d00f47a57aad1b1da6c96237899b3528357971f426c86c7b3cc78b738d877b5b90e5afb6e9ec8f3157a76f6adf87801ac6b5596b5543761ed84756b8555ab92ae05626923eaa9a6b0560813ae0f41f215d7d7a6242526ce4d87b9bacb2619a52e7c96ebae716e616dd1f8715cfbaf566e722e2b52b6ba3e57f408e669e8eb1613d379b3fa0052bab2a6af5d0d72a2aef2c92cb2eba95ebefdeabb8d9b122623e71b96d1f43a34db6f9324d0a704763d7b8b69bbbf1f8df7db9aa9e79ce655e9dbd8587802f14d0d62898ac138799cb3ccdb310f846aaa28f5da4d7f5d4d35574905b790fb7336706c6226b1c5e7d2ca526d5cdae5d23d0b3d1db7386b62e3c8f40fac688cce3106a158bdcb6d2c616278ce8063d72b6328988618da90a67211891cc2a4d5f54d6b54d235bd8c3b6db7a7ecce58f393b5fa8034db1e953cd56e4bec1a502df855be38d52762fa22b8c496643631548de90f35e58f139758b87593766bf99613c3131f990fa1ec6552a9a5d06bba856c77363189e484cc4cd39f48d9c92e5173b5566c4fb5cff0048dff915fbdc1f5cfa0fb054e4cd4b3821bd4a1b960aaac76acb9082d58612038504186d359b247c4c0bd188171c79672aab72ef606231cc4ecca2564df482db08b9ccdcbab0cdc6afa45e73bfa0f41f9bb52fa876ff0014332632c33385446c4ae45b9fb40a859c70ab08ec01775caf58ed0a048e2421012527cd38b3bb83a59e670330424196bbfa5b8fb9f0b6e93a9de6980ceb7dfbe3fe7741f623826642f287334e4a74c7bf28e59073e691ae9bedad10584ea99b649421a3820e41046b52a6a4d1357dc5d1925398096138366ee9edbb3a1977a49ad6990f3db90687a26a43fb712c0fd8c44b3958379c5738eb1900f9d34c02abce588d71b33a566f15078bec6231570b55d1e93aea97366b132498ca63cb2df68c59ed1a36bfd3abef753af7f542a1c6b604b9ff00dd5acb0194033249a78d22af5a471c9aba188a79560da60eb04ec5762e60bc3129602282c9eb9a76891b8be012589e084658993af3366adbcd815c6964b31d6eb1a6d6f54b9bfd60f5f278acb708960c9a4857d833937389ccc68a01f3bec00acae2b2886331fa039a0a5268da757dcdb3389e312264edb26e99b03e1626ee8fbdd0546c9a2dfd569db059dc4709e5bb2b12aebb85018649a95cd65bd1619cf88559799cc2165a808e584224c00b0a7afd179e46d6c9e09250c925e238f74db5d9d7afca2bee1a8cee93a57b41d8a6e1c2e38f9cbec626b9bc4cb0984450ea71519cc036015cf134638646367c3c4a412b4ad369bc950dae6dc58f7b39f48c477a65d5bf2aeab5353ed8092715055e9fb5a16a43581da3f826ca90f65cc4a3ea86a3a9480bcfc68be30e73390a249c0d3090a238c2aebdccb43db9894cd2c08f3313ce6ffba3da8ed15236307815eae4b4feefca2f58316321cca270438f8a260d15d226a53cf91198f17b02812528ad32f8d8990119c300d438f5ad87b309786cf8cc48fbaf5ef4aa29da55c3601a5f46d5b64ebdf2f6e049365604ac7d2663ef0cb363de056d184909ac39ca2e4c318ce718f8c7c7858f40d28c39fe82f6190e300344ef48b61b4ce6bafd176394a19868affd03f2ca5b2bc69f983857f02326dc5e3e61cc414d2c79364a11e49891c432cf3e28e5ef4a62079c8cd4e0736a6ee145b1933263ec3d2b5ea5413d8b71263d2499fa1be4ce7dd02f9c7225f4bc45241f343995ac9cf08f36316268b1e160981311c1bc48c3d3c1a039785824f806b9b9427876438e1fb8d96d34be7d3db7362f3a6335b674af966159b76c0c962760cba7e3e21e64f9c418758c72e058f8d1c13de031301fd2f6719cf8d992d3c375e00f1621c510ced5cbeb98d4cb51f02b7647ae7667491ce74ed36c7698edb8f48edc7cbd5d8c5acab7e936a93166cfffc4001c0100030101010101010000000000000000000102030405060708ffda0008010210000000dee4576a57d2eadeb00e9c22a22666b397988e7337338c4c929b72d2b421ca4227bbe7b98def8ff333a7d2f4be8bd6d03a1d39ba99d3e90a3454d067a0a21124e55088c7224ce661a49048269a044835d9f2b85df45fc8fc374f77a7f41f47d43ed253b9d174fb6dba2e6e1cdcd60853128908e68235b8c544a872c81cb52087361ddf159e95aef1f97f91d5e87bff005be93bed2e29b27b3db6a86dcb33dd18488492cd0b92573beacee6567309ca18a5c92d0d3eff0091e0d6ef5d7cafc8e7abdcfb1fa8bd3b465208f5bd3b9d013051b617902052b30cb9598c6f8e92510888948025a498ebabc0f0e75d74debf3cf885dff4dfa1fa1a7a0c4c0cbdbf46f3d927529e7b61a600128598b0e7a737a1ae11b3e7c9e9392cf21129a435bede2f9be6d69bebb61f89f0edeafd6fddf67aa804cc7e8ba6e7649bcedaac34c022a45229e7c1d745a9793d0ce71ca8b99719444801d0fcde5f066b5d7a35f92fcc66b7fb7fd1fd94d13739fd36c2d1b01e6ccab309272d4cc5c7869d7a9112ab420be182742c898ce7311d51c5cde679456dd1bedf91fcd48bf43fd904a6c8cbeaa86f4a81b82f33244b8cdc81e7e3e96a8490d80a088b7739c73c6c89c7a7939b3e7f070aad7a7a3cbfc63033d7faa1272117f4acb6dc33581e4615289c8111c3d5bb4024a98670eab38bd1561c735a5e3a79d8e73c1e1b7aedd1bfe75f9e398feb0079519f5fbf71a30545c1591cf494cc483e7c7a8aa0960c254d268636b9f8b72b2d7cbcf14bc1e0d2b5ead97e19c333fd60810b0f4fdad51a488778d351894b3984dbe337c8dc49a632646c452691c4b4ae7dbcaca12e5f9b575d1d1d5f21f94cd7f54a13661ecfa7a83665ad3e5d033892566a923836e9c56b49824eb396ec94534ab2f3f7d3976f3728987e179937af475747e33f391fd59540d61eff006e93549ce83e7b851294a849079ddbac94d8026a537428b6083cfb2579f130ce4f96c0db7e8edf1ff12afea62e92587d4f454e802d058d677946448613b4ae3ecb5552c60093182180071445c704b80cfc2f9dbd36e9e9e9fcbfe13fab6a954e597d8ddb1351b873de6659c672e253df0c3af740134d024d800000712c3ab8f9109cce7f17c9ad74f4f5e1f87ff4e6ca459747d3d55a9d20d53e6d3239d678d4c4aad32c3afa409736c14d000c10067c4f0eff0037980138f17e54d3a37eae8e0fb4b429c7d4f7dbb6aa5e846359cf3c185e4914641db4c4a8b4e6583431a4073ae78eef1b3542017c67937bedd3d9bfd0da539f3fd17af55525468d4e350b9a734f172de27463d9600d0dc032926340f973d7cfaebf1d01343387e1635beaeceafa7212cf2fa9eeb76d25a39cf320e733cde211596da11da20072e5162185484f1de18ef7e5a6494817c8fcf6d7a7775fd6894e07d8eb76d88b538a2670160652b3ab7b5736dd486919d438d1a7695314716dc51d0bcf602019c1f031a69d7d3f7124cf3edf60edd80690f94339c29f2ccc3c62b7d45cfd3d0aa14a96e1895b5bd83f3eb90ece6e106988663f37f321d5d7f7849387a1f4e55d414b589c2a1679258c610679e54ec97b6ee5081990f22afabab6a8e0398f4fcae5062600b9fe0fcf9e9eafd0da239bdbf7db5b445554445e2678a9cb9b9a660801a18c720019aa2cdfd0f435e6e5cb2bf4bc4c81b01013e37c165a747e97ba8cf1fa3f5db34cc7a2c945f35630e30e4e7c5000000000115902bb7a7b7dfe7984e9dbe04832aa64027e1be72b5fd4cb32c3eb3b28749adb299878bc24c639f970000000000004133566fea5ebce697e1800e90807e77e6d8dfeada041f53b503546d92cd2cab1c9673cdc9880000000002010807afb39e35d71e480014c8652f8cf935fae8dceff0041b301b35c8c83222328cb9f9710409004929a069809650cdfb7b47dfcbe68c007692aa397f34c3f5666ababd7da8a9a4f48595444c2cf18e5e4ce7912b2746c62899a34b6db946394ebd9def4f43cfe3901d2557317447ccfc67eaccd1f7fa5a58d3284b3a932859e39f2f3639f0e6b4bbd5e72ad5d54b155f406385e199d9dc69ea7959434148b723619fe73fa1de83f47bf66034c08a832594631cdcfcf1e7e999bde730c754b6b12d6ba46f9f91ce7d1e8d57a7e44cc0c4dd82069e5376dfadd3ad30069cab858cc4651872f3c79c1b39922ec1df714e66ed818f2d677e93d3d0f26098740d82150cc9d53f434d350bb565ca735828cf1ce38b9a38235df024298ab7ed7aa525a752b0e4d5f7df474f979384ed89b522a5ac264d5da74eaef47b1a37708cb9e31e3e69f3e7a54244963bd7bb4737331a58e71e4d2bb6ba34f39284e80564aa181352ee9a8131a61add69a6941861e7f3712de54a7231d6de881480b089e1d2bb6bb73e0110548f4ca9155298c62a0872a89b84c06154e7978f31a2921006de993a370c2939e0aaedbf439390868687a669360d84530604a06454a0620396260cc6012c16deab18d22812e3d63ab7f47ccc1c3004e900e6acc98e840c42426a4180259604e532dd29a625b7a5a29a00a5733823af6f47c8cd0e53431dc0ca9acee28a0a914824c901b494e1cf17130f4b9cdd4d557a3b4cd8329566639c7774fa1e3e60900c1d2286b32dcaa628b24692002a5c99e1cd0372aa912c757e86c95a751a39ccc639fd0f43abc8949218148a24750a9b59bb331b0a9154034d13cfcd8d04b5a24e5dd69d9b3571371b09572e0fbbdce6f2b301a6d8e46274128b94c04534e52b810324c78f269a153963ad2ba3a98a0d62a80c3077d4a6642d0504a458810d9493024a8a04a46372b3e4c549422a1de8e6faba42a28284e72cae765732aed26939043b57923589ba72000912002d142e5e6513ab154156e6bafae6d153360cc31b5ba114de755248e515a438a4ee42a514d45cc0340da461cb3965beb09b0aa87d5dcad4b15369638b37290d39122d0a06f58910550c10325c213010d1cdcdcfa4ea39ab9057d1d8169d43a8b8cb3b8d58c79d39a2688498b4acc436d6a8258e0912180085cfe7f43c5b1da96b5adf543d7496b34a1d67d09aa680996c4a4637709156ac558d3020940340379f9bbac61eae46d9becf3c74ead811190b9f4e9698031480a4065cdc055944884e52240a4818e3cbbd633854b615ebb2c6ea35e80096f9f0d77a54d80124a400d37a19ce9a39a2e73b88244c2a50508f26dc0a08eb83a2ab25a593d9524ad79916ee34a02d4c9290d2b1fffc4001c0100030101010101010000000000000000010203000405060708ffda0008010310000000f898ce936557e9eb0500cad0e9e7eae6ed4d3e97e5eb7e4efd0eda0b217d438edb619b295719589db707d5f42f1a76fda810e2f9df176df06f2956676eeb9c996906876c3a387d7e4685bab96d7e7eaaf2765faabca9452c18e071db621863863872fd9d272e14fa6fa4484bc0f9996df9f2b94141bd2a4c34c6513ec876f07abc179743cba1e37ac3a7b7d1b6e54922953b1d8ec189d86db6dcbf72567cdc8ff6bdeb1f2fe57ccdbe0926eaacafdf74521d51a5d71ece0f578aa5692b5a5669dbd76bf5a07e5309acf6048c760e092061e5fd67b731cfcd1f47ee36e3f9cf951bf3d44e8401abd950748b221eae7ebf3fdbf32ccac1dcbd54fd04c751e7acd9e6f2119674db30c73ecba7e2fa3f7a52508737d97b758f9df13e6efce19a6a5a94ef2af357452d79df87dbf32989b6150ed7f6e32af28ac2fd3138ea16e450a4639b6c21e35beabe944a1cfc97fd06b49f85f15c9f9decf2779f4f612143a15d45a47d7f35ab8d94b3e6edf5396535aba5ab15a36e9ab20584e4067053737cf6f73f4177972f2f3fd07d9e58f81f07f9de33a225ba3af69532874b6d4e4f63ce5eb09d4a1ea2fe8f4c38b0a531bc43a2dfa5f42819a53d2400707831f5bebbeacc938f9b9ff40f4414f98fe7e146a492dd9d2a66e0ad11d9957b78f752c7be6bd4a9d3eba73c8e2e4d1664c29d05345af6c3ad979a10f3be61fa3d7fd13bb4b9f939fb3f40c634fe59d4850a9ecec9bcd80d5e7ec95a2dd7c93eddcfdda1da17abd1e5686aed40e22fb8543d7736d4af7bf5510f9de37cc9bf5fd57dc911e6e5e7faef72a25fcc5122932fd7d30a621e57e7e98f4cabd10e5ee7e6ef12e932f4eb278b5265c1af3b270b34c61b05f4baba194f95e57cfa5fabaff46f60ce1cdca9fa25caff003004c828fe899e18b2757377737670f5bcf8fb8f3f6b4ba4c7d364b8931db33cd21cee36c98b29f48f5cf9b93c7f149e8bfd17e92513939797ddfb3937f2d6092b4fbeec0ab4ba25d3c7e8f1fa3e777aa72f6539bb9b9ba9a7eca42ed00edb179cf9d0e2fa2423cfa7baf3e5e7f0bcbb07e9ecfbff00a161cfcfc12fbcef5fe618ae83b7676a104aba5f97d3f3bd7f1fd8e47e5ec69dab1e827d8e68dcc8366c1e69cd81aa6780561bd4291e7f9de1abcafd7eefe937c91e5f3babef87f2dd79cccd7aba94e42d85f9bd6f2fd5f1bdbf3ef1e9747a86a53d094895c55b6c79d261ba6055570a3f5abf3f2fce72b96dd5d5f7df64a210e0f3fec7ddfe5bd2c45fd2910183e678f6f0fabe47bde5dd5eb8dc29f49a72d442d3a296dc7a61dd4aaa509bda76e7e0f9d83ab0af5fa1fabf7469cd0e14fd0bf976630a57d013795015aa3f4f37a9e57b5e7570b31ab469ec4e325db50642edc41353498152e3bab348f0fce0cb9e7d9d5f63fa00c9cbc3cde87e1f172bbb6ee025528bd11a539fd0f37dbf2ba5d5ec28c95f6f9672456cd826da09b5a452885853b24f0de5f864c9701dbdbfa9fbcb28f3f990fc9f98d0d7b29828b47af97ab97ac0e8e5f5fcea5274e8da8bdbe870ae418165396710c8eac84e617a747284f1bc576d270addbf47fa9f4c251e1f2ff21381e9eb1555d93aa5d5c1e9735ca777135c1e8c2dbbad0919a3ccd5588e50b866d2a60dba6da439fc0f35e8c867a8ddff00a5fd7a2270f0fe1e2c1fabae386333d13eff0033d4e2ed96eae79f49dd257a1fb1f9889a3a0a82e9c93e8987330d31abe81105e7f99e276345471ba7e8bf5c654e6e7fc0acc1fb3a65971959a7dde67b5e57adc7d7a5cfd551d0752bd4d3db458a36265cbaa1d8c4b72917eb4a728e2f9b902ceab5c29ddfa1fd9b8e6e6fc018eaf65a5a9378f429687abe57b3e67a5030b59ba4e7a55c9a68e12a38d398058b0c212e7efe89acc79df35b062e03edd3ebfebbdf978ff9ec33d7b03a9530ec95547779bebf9bebf9d79d6d6b50b3536db1ca711b6c330d865e3976130d3e1f952e1f314cccfd3f69fa65121fcee8d5ddc964d907572f77174df97d1f33ddf26e95e8b5ee71db6db6db6db6db1199764e765ebe209e4f88adb63829717f4bf58fa294ff009f2793a1eb5302f2ece5eff3bbe2fd9e77b3e5742eedb5fa36db6db6db6db6db6db6db65895898f93e5a8cb9c23a87adfea7f58a27f39a30b375b349d19a3dfe5fa7c3de13bbcfb36eaadbaf6db6db6db6db6db6db6c31c371e4e7f23952586525952aed7fd4bebd3f9e9748d7d2033f2dde7d3e6fafe67a9cd5af2bdd3aaf7e8db6db6d8edb1046db0606c032c389938fc782289b19584a8af57f67f61eafe785788deca195b9bb39adb97d4f27dbe0ee8e9f56a755efa9994ec146c7390c8abb0275891cbcd938be7c1468a12d9288cfaffa2fdeff003ca855a7ae9a349f5f25727679becf91ecf13c7acd7a3a3a374be5d390624650411a5a48dd179b744e5c865c1f3e0e0ba601272db74767ec5f86e998f6f7b4d290ece1ebe7b08fabe37b7e6744ef5a5fa3a0f425b41299b603690db412781e9ea9bb4b900f33c205e4b441a6b46385dbd7f21204fa9710acb74717a3e57a1c8fdfe6fade57591d669d7d27a33c958e608765f376da9352ea6bd684f1a2791e434dccc522cb98928f6852681bb6d9ecc823d9e7f679fddb9fbfceec787795f47a1ba1e72ae25a6a4347cf652cb830c4d3aa15e359f89e6d2418073107596a258da634d405356a56b766a8c78ecf1eca3f75def4e67750db21067c1863b664ce1bbe439921e2709742136a04cc36286c9842d1219103cc1ab52f7ad1cddf76f456e50ec58a63963c07321da880b1f422213e5f13942d10a29a640ea1f4eaf3c749a6191d0e52c15b0d92bd5dfd9dbd9d4ca4ed88c33cbced8a2d4e0b546ef48ce1cff3a8548c0aa6ae6db054aad42a1c66ac434f16ca706d34e8f43dbeaeb353b6c315ae8f96c70c4628ec7b26fcfcfc5f3ac1e6582aaadc91b09a7645e7954828d9d087475ceb819d29dff47d2d6250163b144f3b32e386c706e96dcd0e0f112b32d3caf2614a4899d79eeb32d264cc28a595b26cd943906bd3ebfaf5a3155215d82ef35492aca415a6be6e6e7f3fc80a5952f240e8b5a4de045119a38b250113d54270294471a94edf4bd0eba625463982af14c109447538b7546fcdc5e7f960e08ce862daa8e11d19f4f05d8314b4d4387896b495a8ba9e87addd7666c30c7219f24188ce060b41d94e7879bc3c672aea0cb3169bea2680e843964f2a329575c1c8cc02e70f4eff004fd0ea2e421c18643c502f94e264f8745a3c1f39b11370b59a904a312b2a51420420e24bcb07236240cecfd1ecf576d3675c4050578e24e38e4cf8d2f2e3f97701865c51c23152f922cc566ef264669baaba3395706545776b7ade87a18860ae26719f3739cc3664218d6f287caae742b98267c323cf3ce744a69d04ea36d37215c90c4660e29dfecfa5454ceb124874e6e47424314216d5bacfe4158062b272d27c3260cfcf460679688506a21cb52cd22d8a8c7abd6fa10c032ae4a0039f94e5cba815b3745f4fe402ec4c51d91d734c1403ac42c99057959e6cca3570ab2833151b6edfb599c72ec06692205a4a3262c5ebd6a47c848c4164c945c1a6656cb2cf8d8269a11b1570687564e67442f273f76312b980ca66b1c494e66466b5ecb697cac02aaa8c0e5759d1ccd659897aca2006689dae0585a6462b41276fb7a64aa6518ace58d74d273d98d2e6afbe52004d51a432515b36382cefcf6ea94e53c64ca5b27443a1baf9eb84faa34490fb9715e7a544bcfad16a26968994e56cdd0dcfd757f9ae2e79f4f2752424ab679d8ca8b2b757ffc4003b10000103020305060307040300030000000100021103121021310420304151132232617181404291051423335262a14372b1c150d1f02463a2ffda0008010100013f02e0bd33c23887fe47621f87eeaa66f77a9dd63ad3281912a1108844270e294751f1a049013b6769d11d9cf2469b87251f1bb288a23dd1d77a83f3b4a8c084427047885373a83887e0680efcf44744dd47f2885603c93b676a3b39e48d370e5f154c46ce3fb77c2a2fbdbe6a142704e09c388552fcd47867e0680eecf5552a0621a4f5c6142b0a3401e48eca11d99c1163872f8688a7ecab32d3969bf4aa58e9fae10884e6a7b77a146e95b378ca3c33f02c10d013981daa0142200f1142a0f944a8a87a0569e6e51fb9169fd68b6a0e728d470f10534dc8eced3a276ccf08b1c351f02c12e03cd55f0a7b6e6c2237f66a922c3ed842213da9c2386e5b2fcc51e09c0fc0344b80c40e6720bb42e36d21eebb168cea1b8aba3c221667028e0427510a5f4d53ac1dea9c11a4d3c91d9c72476770458e1cb8bb309accf555f4186d0cceedf6bad32a9baf6823028895569a2384f5b2f8384703f0143c53d1059345ce56bab66ec98a40c9990e13d80a7b0b4aa55b93b08d074c2d946803a84ed9472476678458e1cb83b009ac3c81557922139b702138465bfb355b4da74384605b2ab50e614705eb671f86388703c6a03bb3d4a1005ced026b4d637bfc2113f4df3b909ed053a89098f737272616b82b98df32a2abbf684587f5ab6a0d335da386a1768c3aa34e9b91d9674476670458e1a8ddfb35bdf79f25535c0aaecf9b81b3d4bdbe631d110aa6cb2e91c17aa63b8de21c0e07894d9e16afce7da3c0d44f21a0e28a57668d02bb38e4a07e9531a34225ce30bb0f3469395a8d21d13a8f45da3d8a9bc3c22d9468b4f24766e89db3bc22d2355f66b7baf3e69fa9c5cde49edb4c6fd1a9d9ba7ea819cf10a382ed421a710ee1e1b05ce0154758cfdcfc82a6cecd80733af0c6010c4b415d904da506718469b53a92ab4ae196a838b1d281b84a850b3ce7d96d5ab7ac2d80450f5251454615e9c89e9c0d92ac8eccfb710a6e751a38670381c0f0f6564d4f443f1768fdac44c9e2d319e15dd0c3e792d9a60cf05ed82b68a7067915b354f90e36aac6e795b30b6833d277ab53b4efb496990a9bef6870c0f0495433abc5381411e1ecfdca4fa8b6616d2279b8ef1410dea430a8e1a1faf44c000cb2e69c601299b4537981af440039f5507afd5491a845c0184eacff0097ac6939a6550409c89911e6a2e6ff00855197021416bbd1527dcd950aa9b584e116d38e8230f4dcaacb9a88dfd96adaeb4e877a370a72d90779c51e09c0a381c0f0dfddd980ea42021ac1e5bc78175b68eb83a9b5d86d1e1b7aaa4c89327a00517c036bbf6b42986c9e99a0ebed3cb547bced33d354fd9ae75c0c4ebea8087c374688f7ff00c508d072551bcd6d34fe61eeb67a96ba391c36d7641aa8b6ea8c1d485534dfda1906781b3d4ed19e635e13d6c832251df381c4e0788d12e0157f03075251f17b7006eb4495dd9f34d2497741a6159c5accb5d02da4bee02740a948a62e04f385633bbcbe6842d734dc63b472d038f4c82a53cd130095f29753064e79aa0d7064bbc47329fa14e139278b5d1d16cefb980ada9f7543e592d884d767d555dc85183d9736139b0637e855ecdf3cb9a1c094f2b67114c23be703ba78943c53d02ada52f74ef17169754fccdd916ffd2669239e78389ba3e5e6ae6bdde64ffed165e198e4df64ed1f1fda8362d07e5172b7ba0689832555d03d725982200cd0b8bb27112e983d155e430da7f30ad98db449e928e6657d9adfc527a3555d70851bbb453f9b81b2559161f6de28a2512a98868e01c0e078f44774f9955ff2d9e451e47cb8acc9b2a066323263240408c2a641ef19ce4151cdf241eee79e68482674ff006a9922d1d7bce407789fd47f809da60f3357fb3fcaa8f6b4c644c479a60137c7a1d53cf7b0a8eb9e4aa86cd9dade6ec3ecc6e551de813f371dd84460e6f2551b698df63ad2084c707b43b78a7143370e19c0e2788c101a1541349de50553334da7db8815402d1d79263336fedce1537975dd3927784aaa3ba1a72e6b666774f3055bea8b39c027ae853467fc26b21dfce1999c80721d9bbb29c8304bff00b9529b5bd3370f4e586d0fb5855265ef016d6eefdbfa70fb38450f524a2732ae538e58442d56d14a44f01b508d0ef14f5404d56f04e0703c6609700826e7975c96cc72753e637654ef33c48bc39c3bdcfc3a141ddc73b4e498f6b59fe42a93942abb43bb43d02a7e10aab888b79e0e7e4e035ebe6999093cb9fa2ab521970ce745638868ccf54e11df7c7701272ff69b3d9b4bfc6e19a7bdac12556abda1f25b2d1b5bdab938dce27ae1b38b6833fb651dc9c271d42aecb5dc67ad9077e7a23c2381c0f13671992860ff00c3aa2a7276fca952a55ca91d4aed25f6469cd39d10d6e4bb8fe7a99859177a2ecb3f148e8734f7434aa5130396786be2e7de8f24eaa6d2c68fdb29cd6f75bfa7559bea19716b29e5973726695854ef43d6d150344f44f7b9e64aa1b2fccffa2db1f6d2b473c066611c991ed846f91856a77b7cd384710a256c832251e01c0e078d41b0cf5cf17b6f65bcf50a83ee6d87c4de1b7badfe550ce5dd7f9f34e649bb9a0d2d2493942a3a1775549ce325dd72551d9b47baa5541f9609551e008339e592bb32674cbe8a96b0467aa00f6ae77584cb9c5dd3b67172a4e2e977273cbbd82db5ddd1eab6583504ada2bbfb42340344ea85fe2386cc2ead4c79aa9e1dc8dd088c369643a7af0ca761b388a611e09470381e237211d1769ae354107b567ba0e0f1737df0952a54a952a50d5563dcfa26f759fcafbc3c7341e5f4f3804e89ddda703542a96b802640d7d53aa0924e9a2a5ae9a04f7b24ce768d13dd70681ce1074b1ce6cce898e802f39c47ba7b2938644fe21d5a7ff6480b6e8f0f85ab686dcc2a91b5e155a6c7364e3f67b66b8f204a728518c28dc9c2ab6e6c2708dd8dd29d8304340477ce071381e1b4c10536ab65402a54ab919a46e67879841e1e25bf452ae52a54a952a9ea8c1d73473108d03c8caeef75bcdbc94e635d64cabf9f5cd07f773f16aa93fbbfca0e075f98e7e89cf31aa6e418c98213e939e5951b1709c9ca9b2cd4e62498d24f447403a04e5f37bada5d14bd71fb31bde7bbca138e78151c1ce56d0cf986f4625145304b8704e071381e287b8215cf342b82af57a883753fa26d60ef164512ae572b95cae42a42ed82bc2b91a8733ec15fa9d79296748e4b2e450764615feb3a14c7381ff28125c674d029a8d71753ef35e4130981ce69ed39998e811d55575ac255212f68f35b63e5f6f4c7ecd6fe1b8f529de22a783280508890427b2d3189518c22114e5b309a8382703ba7e0255e50aaae6b94b869a2ed7aaed1768bb45daaed576883d768576ca4150b353a0529ae224aa6feaa955a81a1823a074ffa54ea121c3a7741ea8adb1da356ca3bc5dd0273ae7138ec4db76767b953be022ad51b95e9c89e6a380e09cb631de251e01c0e07e1e55cb250a1428c215dc8e0d2a770e90a792618854aa9d0957652ab3ef792a2ca1e6fc2100a3b3a00746c20ec2770613814772b32d7700a85b28ee94774e051c0e07e2e54eece12ae53b929b52d47692f16f25b3d0ed0f92dadc2e0c1f2e345b754637a90b693dcc01dc8c09dc2372ab2e1e68ee462542a221811dd381c4e07fe1b359ab5dd158ee8bb372a621c39aa35c5a72b639273ee712a54ad833aedf292b6ae4a4e0d187a613846ee8a30da19064698ce30a15a86411dd381dd381f8382a0ab4ab4aeccaec4aec0f55d879a34d766d5635405017b6328540841d1428512a23bb6cba754e96b0f5d308c3ecd6f7dcee8155cca850a135dc94e037ce2e6dc2138418df033e09c0e2703c3ecc2b0730ac6ab5bd140c654ee8710bb45729e87700f2563ba2ecdcbb372ec9dd51a4ef5425a531f77aee54f09c270fb30775e7ce13a24a2312134f5dd8dd38ed0cf986fb11de381c0ee9e23401339f4c270380a650a61581405685d98469744584612a542653eaa96cc5e2740bee7fbbf85f731fa97dcd9d4afba53f355766b736e89f4c39105a553a9391d717f85de9b9f6788a03cc9289dc3802a7810b4d70224427320c6f313b84703c7975d81c1ac4d6c6fc2846982bb1f3428a14c056aa2d8a6d077ab509ef33dc2732754e696aa75793beb838647d0ee6cc2da0cfed9dd84460d3be30214460404421b8d4784703c61b8d670a8b03de01d17634ff485d9b3f48fa2b474dfad51cdeeb729933d000a9d777cddecae074faa699cd56a17663c5fe5399c8a7d3b7d152a91dd2a310a2da71d046f91803c00884712a50c2e57052b25685605d92ec4f5468b91a2fe88b5dd11c0e0788dd11c18de1ecff9adc1e6d692a8bcba6713aa8f3508e6c3ff00b9a349af11d342176218d7ba65c46a98f019779263af6b5dd44aaf4c16ddcc2211a6a9190251d70a426a30752154f0f008c015cf70e21382389c01decd5c55cae57057050d3d0aec699f9423b2d2e8bee4ce44a3b09e4e5f71abe451d96b0f951a5506ad3f444701be108a6893c4a3f98cf51839b702131a03bcf3cbcb0ad54b5f1747b2a6e96876a61cae75cd196633551f005bd617272623a15d98aadb5e2df208bcd3168693684fce913fb67002501172a9e377a9c363135d9f55534e09180e0c29c48e3c957957abd5e15c1774ea8d1a47e46a76c747f4a3b0d3e44a3b0747ff0009db1541cc2750a83922d3d137c38307119e26fa8c0e853585ae9e518567869d63e89a6e6820f32250a7e033a2901ae9170695fabcff00e9304603bc339e63cd3848ca74e6bfa71fb70a7e2519bbd956fcc77ae1f670fc69e8d553970a14c2077a77677277e78b714ebb56946a541d11da8f309d58145c114d19f1422eef01d717f84aaadb8309e8a8361911f37fa51909119e8a3f339ca619cfc815cc7be14e04f91cff009573e69c37c60db3d3cd31c1f1946a08e870a2d9a815566a4792aff987db0fb307e61f409faf0a11082086e8c08df9dc9c0f1a5101caad14ec94e0c1c6b806871f240cbc11a4460742ab4dacee83af5543439019b7444fe11cce473cd4ddda33c9372fa2ba4fbe11320810bbc2dd1c294dae91fcaa420da4fe219a87dd386656c7b316b3b47789f9302dae1aeb072d56d1e3f6187d9c3f089eae4fd4a08ef8c485a65b96e3381184efc6138471ee9d557a5cc27084dd1378c3f29be81074168ea4e35038305b1aaa3da677472d15be455b9931af9a0335ddba06bcf0bbf11c3d1590d3246433f4f34299ed5b50787b3b506cd783a5caa6d701f6ea0437c956acd678b371e5d155a82a1040811186c422833dd13c38c1c1350dd953811c18c01c08e21c0abfaaaace61346a9bc6641a22534c40cb583eb896cb208d0aa2d01d908f6c1ae9247447208f8b9c98554c1667cd39b0e27c9536b6fda1ef126f2df654fb8d7d227f2ce47f6f245d6d53e68d6efe7a155e839ceb9a8b1cdf161445b499fda372708dc9dd840a9df944620e1088c25428281e294514f57284ce352ce90d7294d68cb2d1d92fea8c2a3e18fe70550ae5d52d4f75a2625538927aa768544473cb5c958e24e7a1c93eeed07420aa8dfc47374158020fee09c7ff0092e6ff00f567f555fc7f45541545d22d3a85b48eeb3d4a011c9b80dc9c21420374a3803c08518053bbaa2d40f14a29e9c9a5378d40fe175ce1096832334f90eba32083cded9ca4692a26535841d53f4fa268374f284745336db24438222498ff0079a2e17341e68b5ae6b6fe5691eabb3634bed6c12332ab0f0fa0444a14ed702a935a643803eabeeb4666d553c3868a54ee46f0c0ad10e0c22382429c0f04e0e09e8a6eb80e2ece03985a7aa0ca725bf5d53fc4dcfd90769a204f68472571bc37927784a833a724df0a96b6343262e598b9da777546d36177a85558fbc3aded196d8593fe551696b4076b6e9d02adf2fa60477015f31571448c4056e68051c09c2111aeec6ecad546f8c2388422aa0450e3ecbf37b21f9c74cf2f345a0aecdb9792feaa718788e6854ca1daa04e4272cd538b72503ffdc9cf9a2272525ac09ef2cb4fc92ebfc952da0d5736cd3bd7ff00a55c406fbe1fd2faa1afb6e420301c52308dd9dd8e09c2784427a784dd701c5d97572cfb6f45549004755db3cf3215c2f6e5cb545d25a74ce10e5ebe49aeeee6264eaa9ba323d5758ca0ea55a66479a23b803cc79a7d434fbdf2dddef21d51ac0b98da443a4e7ce1a9eeb993fba30609a47d5019fb28e0e7bb384ee153c38f829c0a73555621aa1c6d97c47d1399351aee9e6aa34b9a40c8aec1d74c85a58227cd1d72339fa2b5927bc759f743b31cf9c7ba96e5079a7bbc40083d42738c42748a64fd10397ac7f85e6046b310aa4c1f59c28503d88fdc4bbd94cbf853c43bb1bd2a3e0e1109ec4f64390e36cde3f6dc7826215864faa2d7e71ccaec8f7fccc8e4bb37796b28b1d7b9de48d33ddf2d55914dcd555cf145a5a6d7777df5c936eeedc00119faaab52ec868b65d94d5327c0355b65614d9d9b75397a043c5c2384ee0cfe2c712156a7cd0dc8de1b8d25a642fbcbfc97de1fe4bb77aeddebb7a8a8bcbdb9ebb91842a95272e4b66d9cd677ed1e22ab566ececb5bafca3a27bcbcc94350a77654efca85a70254a9e0429f85709070046e470594dcff08436763077bbcefe13ea464202bfcd13e5852ab66ba2fbcb3cd7de19e6bef2de857de5bd0afbc0e853eb5c2064a8507553e5cca7d466cd4c06fb0ff6556aa5d2e29b59dcdb975c7fef8d3d54ff00c34a9446a131973c0d0f5dc952a02b158e563ba214dfd10a3d4809aca6dfdc8ed0065fc04face77a2a92a9e4e2dbae1d7181cd0637f52b1bfa9766dfd4bb367ea5d9b7f52a74a8fcc49fe11daa9d26c307a01a2daf697f8f5929a6e1988ea1766fc9a1ddc19c2d34e09c2770630b352a7e006f1c796ef2c4a188d778208605734fc4e856cdfd4f4ff6316a1bc557fcb2a97846e1c39e3d77423a7bae9bc7008affc40029100002010303040202030101000000000000011110213141516120718191a1f0b1c130d1e1f140ffda0008010100013f21eb63a5217c0e8fa18d0d522a747563a3ea636493492491ff00e989deee3cbe91884d052d35ff00c20889a1655c8942eb74746318e8c7463a3eae5d70224ac8d4997c99e0d974411ffa267bc8bd9d5aac7a078ee30d7fe128587c8e91481aa3a31d0c63abe97d526c2097408e1d62ea0f28338b0be5267c35fc0fa5a23f8d91398d7534194c2cc61d4f13a3e8ef483b8ab594e0c3a5d1d1d4c63aba31ff00044db82d53a916aba247493524b442729833834d6315733a23f8e08a410411d166b6545f52e1f43a4468c7609a6b8787d269f44d4820b531125bb2aa2ae8e8fa0c63a3a4523a9e0e32447a5982c24b0b03792e900ed9e5699349679c2f4819c0acb50cca4c25cca9fc2ff839f911151dc9ed5a10387d0ebbe0a86273393ba174b43a17d9d4747d43a3a31923193d1a1cb6c44167c8518578212d42946f2320410825c8e5d584e6e84718d82199b0ebb8c55cc8311fc91fe2fd096b920820c3c9035481d1c95ca120ac353d994436a243e892466025cf763e9747d43e863acf52cbec50de9dd16e26e68f420c507c8c822b041040949f2b126f68cd04f696e6cd4e09170ea10622e65188fe0eea06486b1226a359b6510344115ff9e4cbbec5834254b0c1dc21a9a492421b4891ec41ca3cf4b18c63ea1d18dff0c0df6226ff00b8311b1226b2b2e174c1142208a2cac792bc1602c65103c29da42bb491c56b21b12d46d620b9d84dce62ae674208ac9b18fb669ec862ed826b3c903a3431d33fb4cd083224448594cb1269598a31c891c0fa58c631f49a8d4d4757d086323894987be6fc88b5bb497f031091021e9271b1a08637cbd84bd025c217106d010d06fa8ce4439b133136d8972cea850cc043ca0e5073090cee745ebfe889934644b4db0c7b7d28eae8c4e9c760a485d3303301dd44a081a1d2e365cae44845c75318c63e83e93a31ba4d795da276327611dc5c2547d1346230a24b121255cb21e9337a55a3ca918d20854a722d8ffd0525f2852135a11983e09af8185c8c887ba337cba186932c6c8688a318e9b82be02c0856748e8819142f74eb6318c618c4d0aa91babe847820b26dc2f1fe8e6311356c54b0d1a8a9353cd825636b11a7aeb94e634b320ed0f05aabfb4bbe8122068ee4bf9847d5d7b930b91f046e3e0b31d3e8f0320818c684bcc989d5595b1cd09d249132463a4b13da478e96318c6318f530c4d18e8fa79d5e0e111e0d3a52a45e6a882c3745f82f6a7e428c1cb07912f65c29859101cd3ea44ebe59df0e08b1f907e81662d34cbe2c2ee229730f276d94999fbb23870395e5f6097a3e5984293c8c76e8cb2c76bf0a6034d8f66446096df4206ead10319f6ad8b616c34d3b1044d11b0910216936d5741d1d18c61b18624613a1d18dd1be9e5283fc9c5f218874420a90342440848b0b6f6e9de99d50f759a41cd3768d27f235a5e142e1bd99359a1ab06a7fb27a9a943715095dac831771b3b76914cd4c909f729c086e923cb9efe46a1b2362270c3cd39738253720dfdd9c02be4d1dd8d3bb15c81a5d99034d16de19041034343460806f68333d13566247be7d4753a18fa0431ba3759e8e7863cee97e0b516c886ea8547531088443b29ac6538d3b8b7886436f460793d838a6027cbec2ba60e5d15e30ac37c65ef75ee25d0d8b67815a347723fd11af395a36fee9f24d1a29222fe7184ce3f6fd13065ad96fd11bc2d1b618f76a624cc9c083b3a7d10d6436e2d7237c90c8ec48d0533d4926d08a3434343188d4b760c9dd618ecc8aba48c583bc2fd463a1d0c6c6c6c626c31d18dd27a12edd33e7fea2fc111d0a90251468544bbd86c4a5cd9db967222b48fdd48582829726e1c6a947cfec889a477d2d520e9ea1f87f42239df67853cf25f21b65b5b91777e08a8532d1284d140669de212d97792cafe4c1e31a6a3dbc8342fa9133ee0d2365b924dd8605c116b0af243486ac3d95349e463a3434354deb5f02c5cc2ea091c103e10fa5d4e874318f3491bab6493d113b8bd0b7377efc177320ab1fc37eddc578578b85bbc431084c250a8ee30f638b38d47b6f078f0d9e49f2d896f7fc4c56a0e1e71e49244c3e3edf2334f19765dd89428584452d9301a2cc8b0e2eccbc0ac9828ce6b8266e2c37073dbb763c9a53cd01b288bc64881f91a6b077127616cfc0b69b618d6b0d0d0c63a373a42c1ae7bd5d1d65bf768581f4b18c7d03c8e87463a3eae1457f2779078fae245d0ba60c842c2696d1e8564b5896fbdff23b67838e63bb3987058471ba26de885ade02567623a34f9fc93bc02218065cd3b284c4fdc190873747de691921ac43b627cc08a464da6b3eee6481110911e8eec19c91d90cdcd932a6122974fb91fa1ce2de450a72259a2330c7984e10720434343431aaa38828e924d4f9c51f4318c61d4c6a318e8c757d1cd4cdc647c2b0d95924c8a497b89bac9937244e892829229d8a0dcb87a88492492d1ad5624e7cae8cdf03345359eddc41309b214e9d848d3712f5b891726ca870bec08bd2a0a2eb217ed98436f6f9911f547f83c2842beee14e7bc7a24b43421a5de91ec367d21b1f74270c0c9746109759852bb131ea6c823df477a3bdf614dff02722a3bac44d86a0693912d6b3c0c68634343a49236318d8c4afb1d263648d8d8d8d56b53a3fe09362a1791056b8f0dcfdf51abdb0eea8a924898be856e686027735b76c1d3aaf97d8862524ee495e04db79f0b3fd0e49a9c6bd0b63384222de5a93f1a6c4c2923926fb0d3545821cc37f2249f318163137f5f25e63dbb96ee781e6d264cdd442b0d4fa2cb93518f089daf18f0d7c12c568dce04b6d124225ee41b20bad206e2c44ff0042484d921810c8418d0f2318d0d0d5592318f43bb9c741d18c7431891a8dd1d5f5c06e08912eff00646b7b07159e99a2194afb8b51c4bdb508549a4c6c4d956c4a74e0b5fd4db625c0f84d33bb38f1e4729ae05a103330d4849a635efea6f042d9099e21f1f04b0e6d2b356fa888288f67d3c0993adf7b1fa1ee41b18ae2aa37801f4c9144f096fc1b45e5dfc165dc69b64b2409a44922888260b2701a1a440d0d1146363630c3677ddccba5b18d8dd47d121d351f5252d2dc82361235b44e1d13bc89799622cf89b326a30ba01e50860af2d22626e3c1a5a5dc6eb5966f8bbc3dac5fe6b10d7d8ef39082282125b4b6fc7f83ab5b8a82ced8f6224fb049bc9aec95db0ffd3186d259fb95e88e761a26e5cf178315a249cbc9afc1bac7a8dfe0220584846c964866aae89df2382f0b2314930fb11fb2f3751267270a35b6050c94958b86a58a819d06335468686a89341a1b630c6a7132553a318e8743e910eaeaebc3cd31ac85aab660694af4d4d7660f70b52a58651758f32d8830a936772fe6d4eab222d3422d1db18ee653d99b24bd0ddcfa44bb1bd8932dd21316da956ff7f665b799129aa4baf0edf6c484422d9766fb7920b22263ef9334b5a17fda2e7c087605b950183380b3eb144091dac9edff000c5e81a4a1211144c4e596b8da48d4d0fd90e68d0d114c31d5723fca341d18e8d8e8630c7d0218e8c7d123a63589ee38a22f0e96d250f5164fd36434a2fa354fcd84ec3a55d26dadc27754a15f863c4d99e81b756ade1d87caf7764c5377782e598afb372d991a593534d7e2485123a130943571b56d82fa1bd47b9ee715ab773970210985f9a4222e2be97fa4db3910e4591e49a3f91c6a370d8dd9bae6685b5d473d881a10627524742acb8edab8f03a318c63e998fa4e8c6c924927aa484aa0f273b9a94ec3820868e880d0611930c8f525aa33158b22341c06eae6324d5f562490b2935a3f26816c547f61b172996a1a2f221617add974e09cc75735ef093d8e5726113c0a9028b9239623c0fb60b091b24b7702440d0d11463a0876528311d18c631d0fa663aba318e93fc69d1c8bba04084434137eda58a24b0d265889b9989daa0b695042f608e7184296f53e08a85c01f2881b8627230989df9a2388142be58fd9d1131599562089c98ac3c51a23a1a9a58859bbe8bea0fa67d0e8c63ffc135249131dc5a192d09c542492c8e24eb9155b572312de3934809f35e2cdf2470dc5231584f7b09bd042b7024b5a094b9811c120b59f03ee23b3b0234e18c644d0c628c7ca29631d4e863e820640e8c74631ff00e4924c9726be443e8ce451710c98bb24c0fe558731d5cd282f6ef8066e2b176c83ca33642a5291440d076cba1aa352478bb1a92350f73122cd5c32285d88432ce42c0b835518c743a98c7d33a31d18ff008a1ec701c5524cd5099aaa8109c5d89dab1a8e3384843c1e04c852cd0e8a87140956e35225a6d0409f21021078b3edff00862bc243be4464ae8d50d66c43997e84bde90d8d29fc93b096e32182293afa93cd943924440e92a0f0318e8c63e818fa4757463a252d21a1090d48a70715270a1b5b123123c962117d1d11526ca5c4dd98da58f249927c48e21d83990b602bb06b0b3d84a6db2904b5813e264d12777a7a7fd125106485234308d6e162649d10c49c2a206b42da108b18de8394cbfeea6692410643d87591d0df41a8c7521d58e8c62ca3289068780c70264621b18cd84337125cc1c48e1436e86e0cd2f28baa242666a25b6136699816ff00b7916fbd0b53e316e7bafe8897dea5aa1473b9b21ac1f529aa7b154c947d88fd086ddf32cc9e86ace9be48f2291a17747f22cfe693e4dd03070f8265b51cf09de3a532c61d1d18c63ea98e8c7463a31d628693818c39d06311810409104510634686711bacc5226f0865a0e30474ae5957d50bb43cbfb3f5c15c93ee5aa91f505ee6b6b9b2868e09a37cd6c4b615f26648d69676f644f6189912f1764fb86ac30eea44966e4b6772e604e703e86c63191d33e8757463a6086363bb846bb12174a22990e4cfa127fae45fe188f09e84a3a9e36ca767038e4bf519629ace2346a8bfdc93717bdffa11a709e577d87b0732c3a32eb6f6aa163b5fd0b2139a3a46ba9118e18b88791356964ad06881a9ee63faa4bc082490f24cd9882643492244b1420431c6336af0c7a486cd3f221ac5b2cbc191144510354757463a61ed4366ab23ad0a8d1dd7f8a3d2e90fc0dd1a612d12deb28a98b37a1de23bbf6c480deaeeee27470eed369e8bd87b36a7bd9610a6cded6d4bcbcc6a44ba41c3fd425d997c66a49c316196ce9c72be4cbc8908d290e052359321ac936b264224753948724fd163148921209e7a04d62924a6a2046032e51e6a0795e0b0dea5d98f497a669bf2a068c3f31ae5f6699857e44191aa318c74f8145f04ba5d50a8d4a9975f23de8ca1b91abcf9a3b59c27107fb1ab9eb5112e50a7565c29cf1c12964e55b5f9d0b71a6ff123cb7f7566d26cedb8d5c4399c366860bb551af0a469e50dd8dad49d1c133b932c4fda691fd9bf445e8b9109534a4fba356257f81599bc99b21e0d48277644e0692b2f24b91a36296299a294099144e2d481dc9ac6c2649cc204c2e3507b07dccffa10cececd8fe0fa67fb8308df6677d1a13cb1807b6e4288ea8228a96bb6651650b2d382f84d8dafda8969de589fd85f600369d05a7074ae4575e2da6f7f22bad7fe04c492850e1446d476ff00c460b1e87d823b13b92ef3a90e6ce5b652b5b531aee3fa9c89f2a92b6e1fe0712371dc5f93434a5e47b0f424cbb716d17dc5fa1f05bb9f026c9362189c0988b5234489208937275136881a170151ada9349249a4c8ddec246596bd032f214c3e0d34706240a8fa5d55324c860d91b99acace639fd0a964dbbfbb08cc295b7986c88a8455b0d7c8b4d64b5b46cf21becc8fe24fc51908dd9b2d9458491fb89c65e70fc0b1ef5d32acac51caaee31723f6163caf854bbf5ae66129be0502e29226fc925ff669c8c4ac68b128f372e3b1a93721a98c08e2decb10f2215c4cca1aa262c3448865084d5dc5cf5f23722717ecc72915bd0ae91fdd57fc0a88d2c449ed2493976e129d1da72ca4da196462cd88677ff766b71723743294a7b4c126642586f742492e2bd16766a356b67fd51d88338b26a53b5df9134bc2c44a935f83850216bb89a4e2ed38d0811cb1e51f00dcbcd3f98d6de847ba3f0869bde0d9068429d8bf93bd13c9345c6b3453c82c088141917fd18ed4448d5810ac13226e44d2628c63b0864712e27b104567a1aa3649048f7120c62f096f0baa05d0a88bae43b2f04fee6037330feba3529adcb30b9e55a05b32e4a11864623dad7f645c94a43b86c3649accbd0b6c52b4e2b7de9749c63b5d105a33e0eea3374ec5b77f666dc0bde89ec25cc011f293be6ba397b8f9ea58372df34ef897c88974592091bdc997fa2e8c0b57934bd5aa45b8150cb884c82d842d82c98648999228a44e461da8ccd5913abac9171d0d0e385b012c2249435d685554c0511ae2cc64b6cd58cda1544e6c656b103f5c46c5f8a277a4650f23dafb8ca2e205fa253dccb0a6f5a35c8c93b368ef1f9b0c792c1711dc011a729baffd07f8e644e9bfb4cca989425493b088d6dee8348562cbb9891852ddfd1cac25b5c544d31027c11e0486871a6861193615cb98206c9104d7b880916e1c868a69a635d16e9be0b4d094a0b4bc0eee19fa0fae05d08477e9b169c91e6c9488ef797895e4719b2b1f7b518c64afcc682936a9fdc0c85d8982d5493bfbfd93e13143a89dff0074215dec926f716c358b6b0f52249a62d8d55e84487668f8b567e44bb95f812afaea3ddfda22f1b7e91cda5bd8595691042d0437134371476a3617b6141076a28904924d34149154c721d0d545132351b44027234416334ec3a48d0f30211a16092c3447a27f85104105c59dc82d4b3a8442b444e91adc451248bbb7232a4b89d277d09c389ecf5119b9ada23f62cf9eedf82fdcb0e46b9f041267243edad85474399732e1d85925f1efd8c7e9358842cb26f748989683b9087d991b86c9258469a69a89468f225b13e449b2122b8d10e885911109c182f46e49e351a6c3584c6e69266922746e56491a2204fb132402099c048b914834305c468bd65e204b3ee88ac74a152094d8becdadb517425b6a11b6b7921a2cc4a13ee3ed70be221929e85035da494eb27c4245dfaa62d367ebb092ab82eda8534f6c765772350b4dbe468b5f26cc5557968414ce8d8d75e994dcb29ed62e4fd9e868f1630292e6e6c35bf2610a72f5d28a6ba82a1c92452cdaa281f5d12052ac6827b8d901a8c08ec48a83a1124f4131c8c13bf5410606ac6d092355cccccc3910ba23a644e98a882d6e08d2a6738ff0816f4c0a468be17659777f43a0ae9131dc6b7536d3163016a592597eb28b0d17145976481bf4c1b64e12b4b81d8a9428877f162cee33252eeb3ec2152ce54962edde4b634a33dac5cfcc8b17c973e45c2216ec4e0c8b654b4972c5ac4cc91b1a9ac8d97ac273618bd18c5b8b3205284e47d2892205289104b714875854811161aa4a44e82c1b36fe28108c0e10d42ef09178849ad2f9f0c6134593cad87899ca6254ef23dc0fc04be96e32ee8b2168b1a5aa558b54a682e56b221492ec99dc84dfc1079c0db73e71ab8fc93b034f2e050914da7dd5fb0f994d1ee1d87a99434c19f41d0c0e3f844c877e589513b89e4d0ec5fd8aeb0fd8a4e0dc42c7a1ac168762ed164bd44f0f5278268d5156e9991a51515a90cc13d114748f62981e82f458a0b0b446b44bf8f0beae350a5090dd8fd40c2e4c3169a4b70a7eff00c1df0747081142e6f72fb279380a6b5be04584fbd1fd489ada7d9b62c21a7884f14fdb8841af31b3db9224b34e6e8fcc0fbf5026d2c0bc24c6ff0075120c425a5139ff0028f4b9f001a3630db8ec2e36250daf6411c91b0e7e4b6249d8b322c5a9ad3b11096e5b52e98c4ec44ab96099c52065a65e9914a1586444526b041dcc8fa6491244ed51227619489104455f42e86f76e869a49cbb97cd1abcc5beb348a831b6be4536cb73d9ac0ec6c5cd9083b344948cb69574f2b2fda26da25dedfe911c3dd6486d645c74b3fd25697e4c4cc8df843360b017b1f34ee213f8b094ea76c21aac2498624f27c9bc8e5219f80ec4c099965d8d4972d4ed58e8532264745a9076a2269a96a6489c13a16a66473274f65fa0b61d1159e8212190d1c1e871fa1dbf43df5e8e75e9128c0e1f465241bb2366bdd1a9b07fe6ae44d42508d96ec617cb67ca109bb138526870850203470c66d04314ac0b764b842c698a6a46a8ee34585d82cb1dc93348abd82a9564892c5f51be8f8a4409aa62894a329d1ab27722899bd0fa113443f8939d113c7e2581922f85249eff00021e7c911b13da46db6d0e0f55fd9c5f03ea2a07de4360dcb2dedc10b565f1afec5550e0c64fcbcb1c72c985a315db5cb46a2703bf44fb256bd87923149d850c9cc3a507d916a29248b263913dc4eb2a962074d29742874c885149a46d4c77660722bd213220b88c1fe0920f0422b79cef5b48bc9b5625a5cb5302dc5119fec17273dd814c31e02c98d84e943eec9204468baf0c4c4b613360d1e38bfe33e942ff008c913c0e047e4ae13beec65cef820dde599a0d968679372d660ac45f37791597e0d07b0ba244a431e48963b18773236933516137a1aa084354dc58356237a6c3c537a3311d34168332aea354311a086a6b4ea34f26afb990747454e542a988cd29b0110a8c45543c1952fc7151e5f75f8341a31fe08d1f735a3fd3563d3b88c1d43634108d7cd0aa7fffc400291001000202020202020203010101010000010011213141511061718191a1b1c120d1e1f1f03040ffda0008010100013f103183332623bfe59da63c2ae1009a0a96ee5aaa7439866f066d13c2a244ff000025c70822430d78b07fc0788b2f751710f0a861dc7c0318c632bc240f0c233881125448c089ff00e5d87fa811bb16fdc48912310ccfec4c8982c8aa964cb11b955c7fc352ddd54e332bee07328de69986ee2bd0850334c3efcca503444af1572b31225411370c49d63cb38465dc35e622cce4c18a3e1f017188d945a0254f78640896f67d4d8091254af022a54a890c46262045f17160951f2f82fc54a95987a1fecb17b2562113c09099eb3e4f11617f995cbf21e334829f09e01730b0c2cba97f3079b565de58676cbaa981982d7461a3c93c84f14831e4e707bf1c55477e3c47719a22b4b8cc459708adcd3f6e08c85ae1ada84fbb3ff2043e89f752d56b875946c2c7518692bcbfe4095125782d52a665c597fe35986633607c9732244f0c495115984860e58defdcfdb28c12db6a6165c7818f05ca770cd0a9fdb2cd53f333d16c1af4806ea04f87c33d702c0c54a8918237e2c2477e033e7751df8ba88bf0e25663e184d1016dfe923a955d04a6b801031b215822bb197f47f27c6dad8bcb90f66258d919c4a892a5460448f83151ff0000a9502d0895f547f412f6a652088c6304a8dcff000770191b2b821cfe660a9bf11f3882949b3c5b8cfd30bb9bb999988304110be5219266e2fd45930e5830112612a2411f17c562c470c64cd831397c9c989bf076c7c309841f3437f2e6041056420aa001d11181705a07db041d981ac4d97b280e3f0cdc5e02c7e44c33e47b2650ce71516c6d32f4dc06ea63140895b3cbfe14412a54a95e2a54c4ff00dfb0af82021a3a67e51983229122448232e1a3f2df93a818f72e20071318a8cb881b8935b6cf88e999b599d559dc147c0405671180931f702703ca7939d78be2deaa6ac6efc57314e5b8a296b7a8a28e4c6aa32b2ce52aee0bf886d61de00d402d582292d34b3f8944d4d88fd580cc5733f2f885c4a9752104a3e9ccb01b7ac901d5d9ae196e273289960906c03ea5229bc1d475a026b2451b3c2787c3e6afcfcc63e328882f66196772986b0d386314448c08930eaa245a8c9f63c8cd2f8826b2c44d95ea5e8225d1937e289e98f72eb1570be259aab634c33230dde20aacdd4db9e2569e59bc7c319b47c5cc534cd5959f07719dcdbc3571630f31e2309c4e957fcb8f05c943e47d10cbb57bc2a2ef3cc01231499095c466a44bb2562e133c332b39093156862176ab930ccf244af9cdc7316c317c44a9112b7c672b37b5258895e12578af173ffc3afee65c42e6c21885c698f4cc0c247c0618489332f4c6edac4014e59a24404c82ca90c1eee070949973c151bbf139b2c178880175c4686aa0df9f99ecd666e8f966cc51f97966b0ab821b9c65e22cf83863c4676c65e61dce25fdba8f886ed5c5cae88d72ff00f991485a87c403c24a8da222bc4b8cb32f02ee009d8c71979529d28c5ca456ddcb8b708313d7d1786a58a1066360997e93db531b57a480d017d621ce1c6aab28202bd45785578f425f6ff8456c35441d56737146e90a03d6258110f008264c9c4a017ed7a655d8858cee162f0c1d577039804e9986dcfaa94cd5fc476b956b741e1a2aa36ee636de25c572b3d1862cb388b199f212ee0f1ee387a8b0c1f02ca986d2b388ecf258b1458f7184c537a2e58da34ddc29b8752d21cfb87b9706e30abf0970e61dc6a238cc8a98cbba55c0e10c7ab1f42e3f996ec7b826d6daae26628bd4e569eb30d81474c2f0df66194944f533711b53480fc84c720c71a3e48f648a5403758f1fc55ff0dae101d989516a678ff71a2955088c54c741a72ec8c11230449ca6e0ee02283118fe0436591dd25d6255970043f783f330d4339c4ae5f4138d2613c827a00118c7c2f82f0447dc58e1e26fc125666acf996bf02dc62f7049d4467e25db1476f2a4e0c31fa3a95311f0b497398c0973760a120c2314436e2539c01e289a07eb11b7710af36e254a8060f912d6be865962384823012ffd198c92ea54568065d805b5c6270381d92cafe6a20414847ff919c7f518efc8ac1a071144e63a0dac6a9ff54ada630841041125c26f6fcf2205a6d20b2a1b08c2dcea23050b98634cd42fc7c4c2ad7d13565b1aab1b0f0c62c7c1471c0b62c4b210b0c598b116a6cf89aa8a5ce5e1dc48235fdff97101dbf58ffdc207971f12d773325f32f31ae645c0b956ae66495718811b5949eb3095305a00569df27172cfb14d9a3b6b86ce7d712a54c4a952a080ad5f0357e16d473412f68f52c24c6fc4445ec6b31576c3e812ad55fee7f6940ba15a5ff3014e2bdb3236160db61d5eae20a05d6fdc520e7504618304a238f4649a24fb4e4965d201c930cb2b18b954a7f244261c412b31d39ebdca3c4a5b47e5859a2634c15e05f0b2fc291451471e0264971626c982303963f077394673e08fd3fed0a3f6cb47847b1120c4666e00c6226b3e1841ce63b3b608457dd6bc596245a94e943ac59f7148cccea17b558680320b55c0773500845fdd584308d80168e0a4cd517f70deeba1fa55329aa452d76543235fdcc339c2247cbc4567b829f0c44a202e58b95546d9781739311d0ed7f80fc9fcc33715f8673333bea6ef2a874c4b96bec41f2c07dab03aa3f0c08e6974f2f535a12caeaeb90c44d885ba08ecb9d8c2399395ee3013234dc4627858104ce3d3ea4d2f1d932b5121a4fa4e8b8e55454a2d0c72b28cc6dbe38810219f101348c62c4638b19167128993c19a52bc1ba222835715f8072f82e0cb2593ab0b7d2e169db7f2cb1f0f80aa605b04b2575032cca51056102e209051870bb4a51025b3728a40abb533000a25358aaca899c5ab750bb9a838e298fc453ed0c201c72d31b983740c34c85cb1201a52e8c1757cb7f531f0b63b2abbb2fc17d3129dc6a75538cb05f744df1abd721ba616c69cd371d5238b08b860652e05fca1585ebfa3335e4fdc204520e5fd4401b22df088c02e02a5ccadf1c47a6bb895c66586c381ea5daa2ef999679e08b57dfe98cb6984b3cb19098486c3f7dd3162cd90a0336830f52f7cc157a9419713d5ca0673116bccf8193fc0f8719a45104796a363cc7514588afc1764c9160c62e0c2f11ba349f0137c03fb8fa28d610d4483c18e92bc02e624395808ddb3fa8818a376812eb86c8e9a9e65e39654b93bca106daab1b7d47358f297b55c05f898d6378f4b4eee5cf9093a74b07183f997cf40db5ca0a56b5cc3b551f13fca92579105144b68bbd34b5002ac641ba236fe4b50977be94cc91a7eddb0178250660bdd2cf9999c04631de03eb88d96529f9253c6f0a55f86df632937b6e09532682701d742193ae3117dac73cb293a3ab9574f5304ad1b74c4d914613c86e825cae03b8186b2b1e11974088e307701bb324b2aee7fd54b3a0f98d62405153da130b3e18cc45309a4598e298a66894133c20a92215a9788ad3c0388ab972e1057ebec1c1fcc56e7ff004cdcdbf82104e609af048888af897888ea7595505d40cadd091a732d68723995401c2ddf6811d7e532f0d3ceb5c31589861d5ae86fe481bcf4057717456d6fe25b96ca390b59e5c0bcd11b67460d9e10d3e8ccc49aa1cecdd8e1560de6935f0c0fd80fdc4302ac2dacd212b538c1fbd3290227956ef65ab960d704a43cdaf838fdfea5e432af743c3c91b3642fb9d79f98a110f56cb1b8d22d9aa4d30b8f655fa826b6f2f2c056285cb1fa6f96234342f30acf8cc1588332a97fc20aa82a9cf7e7a415b652e7128f820f25cb8074c547a950c7b5dcf4749e6318c638fb8a57c066749bf8bd22d11cbc4ad4b6fc1a46160c276880f8ff00d4a4fc3fc830aa1a7dfd4c48daf839ce21965786ba96d6a584292984f704ef04baf04056d94591abf692f52958ab47bf18a1b25242d83d42b90a22ce1680ca4bb506140335bb68ab9a2ae2753b7052fab74378c119b4c866cba819d3cfb53a8037b28fdb0435001e8816d62e2b5c138c706dd983716cdd966a0e09cb8cb32f681153157031b79bb84ff43f5ff560056647b17e8c1087c28fc36ca25143627e2d7f920030aa22283ec40614dbb5946dc38ccea1756f31c6d87caae3b196080bb09f5b95d79004370c48d452591f9aa50ea028565de2743728372930231642ec514000e803c9b8b98b8f051c7e3cc5510c323cc4545cb1ee28397c1979970833ba45f964ca3ed20fba7f4b0fdf3e89a6252012a2626d72fc712a321a0f30b5ab0aaadec22668b350e4205b4c22b0caaaa81640042e86c402625974d431d01b485a0519c1cb06c6a228a6f528fc6dd3f16a222b413bbd4bcdfe4986d0d5a57956b1c4267259ec5b9d8ad65eba89446d8bba06d5bb1dd2cf26e592ea345292da375ef12ec4b2d9654130d562ec197557372ee347f7b00a68bf8962f16bee17293ffa4410ed4b4c23968716c060e5cb5c1128bc6f70f66ce252b5ac73ee37b64e9c464adfacc2656fcc05257df895b528c783a4ab112554bfc177530d75c10566aa73bb8abf533e58ec63c35089d3fa45c3e0c63e0a2f028e5cc4cbbf0acc72f7e428b8be04613a742fe0cb336dcb0037cbf643e3500f66196a32c43965fa441f370b90b416631ef2c20ad8f0caef597ea500329566b3274749fcc19ac1f2183ee668ea2ec751ce2a12f2a534fa0d1132f1d4b9f1d7c8317ecc42a2841542cb6cb74ae51c05d3c5b16a2db68b6122082a88303cdfc417dd07954192b98adc2a88144daeae80b37b4dedc72bf7bd315883c644cf6422a0031a39d1ea91c0fa1cbf101ac609ddd34378ace7d3bf6ca437b1417c8ff682a8da9282918502a23646d60765f8899ac1130db677c42c542980fb8cf3445207fb22d6e52e21e3c033e50be322f8265f1ee7feb3218a1d54b2759e1f962c45f0b1781f03332ebf1591ee0c2dc771f85923388c61e2ea5adfdc42d91d88af1c9d780865b2cc714c5a2297e1682b580e598a398828126258fa08a6510d5cbf157f0b054db980bbad5f2bce799408f3b429b2ebdb9bbfc4b6220156b67156bdc5b28029dae4d29f7988a408bba5c5cc7441230bb6f66e458f1128b82e3538eab1b0c3d997b3647a61006db58d308df25e58c252dad322aa76c722f852de1581cb306c2d532bb020059a80a704abf0a3b3a11dbaad7007447c10da7f70f52a2a464b820d90f9606a8f8c1442c76dbc11c0294b798ec65318e2141853836fccc055efb9a4c01b816423ad6bd044d4a94bc9f700ef1922d3a0e4dd4e907af0fafc4998dfb22ed822afe88f4993af1a4732e657d121e08c5f05f151c51e264ddcc461106ad26265e639c44cf8711dc7c5e62b11a995fa68851f0436993a33101845b61833a12fc0e6e0971a4b23cd5cd4301d8b51983eabe0970d1bbfd40211ad1fb1f7c24a90361322adb55518a94c55bcacc6d1eaeff11beb6a9415f2e61963641434c29b6980eac4b45872987be23ca6b4adcf37c1759e2c8c7aa7496b66f9cb9f36c592150de89be512ccb82b2cd03977f0318cc6cf545734ac8e62dfcc7821803f30ba72dd7e9803222d5e5882d40316770b298a3d41271a5f8c56fe89c5c9250445702ee554adbc1cb3e01df32cb5b7b2a3401a7866a8b1c46cbc042d9e09665e25ea02d7ee0d538b8353c972c991771f485e25dc6b29b96bea01cd04e8b9c159951d4b5ccf78bf8cc62c5ff194a388a8ae1cc5167cdf0ac5bb8ebca13b407cb0ff00c5211420637e0b8a50ca00987aa2bfe673f1f2cab59ff10587c144394263651a6cc181bbf58b730195821db6cb6d16dbd101ed1856ec8d9d2959e189db8b6411e0f831d5e55ef2bb797b6372a51add8b9bdab3c4037606b776b512aaf96ec95500276b6f659cc50d937949d52965aa3d6ef612a50a1c25ea62def551439c9b4208804e905416d6a0e63bd199816e1c164340d1c7db5de58621fcb114fc151f8600bb57b988f2d6adaf023f9fe1a1500e7788d2e97c5f32e719e59c9bbc6ae5832200c8cf7157bc06b532834199895ef27136a8403563b8aaeefae6250a4692a25ddf817c4c1432e6576bbddcdd758f12dbf066876cefe1459635348f953cc4c51471c11ce239c98e2cbcb147c2972e5aa58e1f0cad739d9af61cb0404a5ca2ef2ac1d9327fe1be9851ec3e661ce74317bf1055cac672ae31f32ca01f86331575650f8650dc0c8cd3b611e723650759f4b5cf7115b0ab405a6946079de5b99d3bd186c28a8726f364ba32947809458956d55f50a172f42f2df132fd5041b0dda10d7718d9b95b370bb4e7a2a30094f26f973ae37bb880b5a75bd51c64a8955dc0328bdd271989b15015bca96ee010ec968f81827cc62783fa79f1a659cafcf2e5ec780b94aee59c3aeb43122d671875293e793fdb31682a872cccacb7988ae4db45ca1036d983503d154f534e14623bbab759b8b6d1b673c45403098873db367311f3ce70a61c5e889531d1c119393e2f6494d53a228c51662ccd1618e2f028a3cb2f045348fc0e5f05e162f82969a885b91e291416dbdcad81855ad8e13b97e279b22d5777645a2b874ca5efc1872cda52a3b5291d93982fc905b1657b973de20552de79c41410816c0d0d975f70e94be8d473c5f18e0e62c7195638876638388f04518421e9e7152b856e03c8d86b027dccf54ac3e4c2dd9dfdc24e94e028a41c61f9933ea12640130440a622a2c04875553a5b19ec160ad5687c982724d17f13897efca013d90ffe7e2fed43c4ac19e08c59f8a96a08fcca65c0416a9bd246ca3c414f7aa656c37b3f1282c57241a0e2eec8fd17ed8ad2bc075f1106cb0ba083860a4c59f5ec8f0f084c91b416c33a3f308f6b32ba20b441ef29a8bc562c796f71c5c6a2b1c5cc788e98ea2cc3517314bc45e06187c0b2e5cb970d0526e9b9539c30a313f24d3f7cc90d0546310e2257b944044e232e5a9da21a2bee1a3f04a605854ac532b978bb5ab7b60b30a035cb9f7b8c5cc6d5f72b36b6b5ed7e3e097b9a6b2b9f886302d2b2e7a7d1fb84194b20018be5482e970c132e7d8f06c966e28c653f112adfa6fdb1b5cb40bcc156640527ed2feaa66d36b9a86053ef331de5f3a8edb71e9cc4de6b18cc0d15473642d59aedc5b15a88ebe255a311728b2d46c56620fac4b2da7af570549b97636390e4883f11ed29bc4cb2ff003dc5e8cc58ae595acb7315844ba8b0ac23108c5e471d11e7c3498b628e5f0de7139f0628a28be17165cb972e5cb972e68960dd465e8c4470cb773d9872426a655308fe085a7fc0aab60c78755a9ee2c9810e97918b4906b75427d63212832fb37d7fa96a6a05ac1d235f1919c2aa1dc19ebc32c0670fe2c82aa60d18a986633bf506e8d75a897617ddc4a167279a8185c365c6018cad4aaa6c76cea792a3754fdc528d196e6c68f5aa8ad075fb880ba8595a537ee2af6d86f22c2f9ea26f30c7772dd6c08b783c44f32edcefbaff00138918ce31f07c369a79286f3145cc5976f83369ca18ff00fb888221278b04a1ae78663ebd30e454f970398179f178cb65acb2e15804ac54bafc7da0eba6b5dc656e3d1da09e05b30afc22e59069744096cb294820b0f7c57ccb9b47b5dca26d7ccb7d64854bfb3056a0070704c0d6a2bb1830dc14d59831798d2ff6e611c683330327420b311aa197865d8f676620d862bdc2f1053b8bb5e7d911cc1c57dc2f74772db99ee50f94859f0551462c45178d2a2cc4c43081866dfe2963f33e1fff0082d8492d461cc246170e8456c7d432cd7e196e913b6b29288e710cb2a916072aeee88f3dad168bcdcb13919fa41fb4956f024108e486c68aa62d035ce6e0540e2ae710cead987a7adcd1c2df3b808d98387fd4501621cc5a3561596a6c62de670725c4d02d37d4c992d44721047229df7004a6d3a7c2b32300c03b11d7a98a2f114e92b6e0115aa2c714738451622c7888b6225ae116205be1c4a5f827838c7c3fe34f4cf7a7b9098eb83f5386267a4730fc40f3fac5a1a370cb21c02fdcae0e0109a838cbae114ba25753f72dc8488bf0bcd2ca18e7a640657872aa66f88c12907696e466fe027d587ee0c3a741c76ce2b2dc2a05cd442d45387d4c62e5e148e26b78ae5865183246d0d67d4bb0c50dc405b8e0ddcc60ad5aa753407196e085c05a315fd43719edf51176e780e598ce310a8aa30fb8a0692988b88538cc4e0e65abb2747510e36cadfb26108c9e4737e2f2ca54588eee5ebfc0563c0ee6adce2266728ebc8cf60352feda9bcc00300a6cb1d3f101dff694687e225afc503a13378824b344cbb80ed0ec984365921387102964590228723b1f508b6b82ce2df51bc05635dc474cfb7043aefb8759875b13b0fa9a8a3d6196eb16d7f72bce0dc54394bf6d1d58d352cbf8a3d64f13c347fcbdb942aacc57c4a07e4b161bfe271d7d43365d1cc6ba906d2b37f5123b3bb8f8bad01183780cc4063980a6f2f28b35ac1f3fccb4d5225556af04e053862bd83f9980e2a5c75b811db46b104c9618d5d4332b739457ac4057f2ca2545e22f71a447316e608e3a5ea6b2ae2b2cb131e3a78b36be676f99d374910a9d316b2f0bb85dbdd1c451ad3352c2209a0f8099ec3f9665af1541fbcc3fe54537f8a7477d6276a7a6666f203ab241fb971598c67f04b2bd2466af35b5086f07c483b5f827f707947c53fa83da7cff00443a56f2f9f67b228c51d455dbc8440aa5707880b256662bd9f8ccb60f81bff4921500a58398b5dd1775dcae6e054acbc9d4154169ba71009680297251a08caccdbb992ca36b98d87cc12b34405508e4ff00ece03e54b39eb35cfdc4d0d36d046d7857a2a8992f49531f432c61b8c2556d471280b545fdca7a8b5b487b992180238f8abe6ad47b8b89a78589d78b2e20136f02186243e06e0e228dc6a30cd3c8c71224d64ccabaee0f867b94094964d3c2a03960c7efe412dc95ec96b96a73a3db0a623f10b2452ad96ae6115e0a6e9ba69f4ca94b0bb073cdfb4252c9f9194318e22844f5fd4c00b2507b2fda210214e8743f07fb4ca916d10308cb6d4a9416335cca25250e0c6e21acde6a702c560311c070a836558fe63296c5de352c48fa23a2e789cb966c1c25a0ab78d986dd056a625b2ed09a55aefdcb4e6d7316d7aab56206f77518dd24e11f6e6e01c12b9c3da660be26121616214e2318cba5ae5fc5c205c54466b6c37328ee244cf83173fe49db7611f8adf908000e383b827832a554b6184189b8f57b026bf535bf71fe507a1f83fea1a4fe04318027ccaaf350b35ad0b35aa83748032c4568179a8da0e30c6c00462a1608345e62ecc0d9c7cbdc0b581a561197632b4ffb8f1e786e2248387ed2a04b1202a31467a08106b6ea58cd506082b758ccb5c44be3f516654a31f13ec5e4253c764a2ab0b7a88d031a22d5edb839d5733f12ad801bdaa8f50321faa4aa4fe9cc4cc356caee5543218b2555e0e2e355575043f4453b6e2386ebc272ec860b2ea09ce609c91d806e59b317c27c33749f25c6ec57764e0fc013649f199a5ee6d10d2399a4370da0c30ca06655dc31899f17ccc56af48aa37195d78c22a04a95889e3248224fa81f9440970377281722f7eaf3c6e9d4c82fee85adaa9f8ecc6f3478082c388704ec7b82e57ec3f82777e1bfb824c15650061791d7b831346a46e2c06c505236305234a800ba1165e6eb7994b32063153539c8b421a81064b0c9781957e80c9c2ea986a0266e56834e98e5aef9c60f6610273c1f5e822c1d822745e3e885c5d16fce2536e73bde618132bea2a971eaed815397f896e0055e7fd4c28ca18851c9ef880f0290001c2f0458af9f88e0bc5d151365563171bc517cc334e8ef76ce625ab7f44236e180208c54536f310678dbe30cdd25b4042968ab98e72cc28bdc166bf99bc2af730b2332551ee1aaa02ac60dc664af3b067f1a9fd2697e53fdc6dfdf41e52fe7fe0b1f5f8867f2137c0ffe8a619f6ed1195047a7c490c1e563bf8115b513a9c7c430a3c25970205c10255786446549d87e581014506ae8a7ba613d9aa2b9876e18725ca849c4053f944583522c05160bd419cccdd6ae6fe9d7316a040558e4ca950ee68a0a88fc3a3df4c369d56ef25e68ce7a87507891661a4ea13503a9b129a446e165ee93404c89541ef88b727a79be55082dcac90ce603ef227f507a00fc282c640c7c258c5eded2ce070ea2d6c31b650094bc8cb0a777691aca0d9db05cb85a10a10adc0462c8990b0d351b89a2ada8eabd2e6432041f06a39055b50036f772dc85e885c1ff005700dcf2e560545efe9970b08423defd4c7f4c475e2fae637360fdb160b7998afee28a6f705778825b6569c429ce3e2a58c1c6a5078cb7594fd4b19ba20581783ca082ee0b2911f8837351e3f874658dcf613f92697e71ff0072f2dfe43f89febbfb2e18fe743fc4e5f3b44c18bea2417084b386d5403ed87f80f06518229cc7ff00d88908eec004960a73ea63aa2466962ab479cc229faa80797342e5ecdc83867b00350f4b925deeb43cee5be02014a6db5157f1fab401aa2ba3910fea132e74581d157963af70eec6b1a036643bbb6f985057b2f14101eb7eae584dcb00ac58752a59ed03f52a1791fe22af62fcb3067557dd289905341c400d38ae773b5f4cc48651616b13d625212eb16cbc5655eb7507d1d17a262f4d932519b2ae3410a5b2de0f887a0bd7b9b73767a266bb571d4c53e56ccafb45e569c542c2c82364aea02ab8be3dc3a865ecbfa87881f5e0713f30037194c4581bff00c8d91ecf99988db5571b82c37286db3586e2b4c662e6595a76c16b922b79859a20f2b80fdcfc2b30cfb827367a868616c2c7538d33a9725f6b065cd3e53512457b493939f7710c5c24134c4f8b10d12a0f15886581996ac6e258772a6f0261732371070a0c48d9457376fe3cf250344cbeb6bf8972af9141da53714dcaab2b3699802ac65ac62f63e7de18e347274db80e1fe125d30cf520be07931307ff00d16fea7b8ce976d2b64a0c805bcc4d8c39606529ca45a3637490669f1acb983b3d98495080bcabe02598ab07d8647f13e447e46812c4f007dd9fe09740e2af8e2382c08d2aadba874536660b56ff001b95d16b5a891bc2c29c114da706396a391795855c3e93203b737c04746b1b588b5a3b8ed305e48e9470f3ba96b9564b6d65f31bd38c10b018698708d1c35296edf75116447750d5073c6c8c8272d4d9dc2e595f5098602bb95660ec57e0958da4c50471c9706b95208bcad5400d5bf12d83867b675377c9dcaef132608d6a283a7e3fdc16f46a74184bac4ad35fa589a8b04f32c03ddc5c1825781486699b9572a520419947b21c05285aa982e022e24b6c323af5f88425c4a1d284aa2f6980155c9c7771a34481cae8ec890bb852e0e0d73c151af42952b95796f2f07fdad70563d27d1df50012fc5d0070fdf8124ceaf18bb8a548c5d8c51d6f9245bcb3504823333d52a28de0254343b97db890209b1aef014edbf057f5e3bec1f47f62c45380b5f08971b56dd40190f88ad8cb8837cbb440b75e3b655b45072bc4d8de710487377eb1153a3efb8db17f70d12ca5b06e5c766fee55672e1658d633f99745aa958a6f2bdcab47374d22bad1b30b675ea20d3752e2ad3bee5867d43982007cca0c33db1b2bf72adbba0868e78e615557fee64ea5581d32fcc2b0fb660c65641b5562516deee5b7cff2c69532ede706d955ec98301bba289ba40b8e4a35043a08ea1da27c4101153eb850e8ec8aca96f816302b88732ba85c25472f02881131706617328da45cd132c734d3f516afd59a392d4bb6941ebeea5c9c121e2e0bd29451f511775f257667010bfb8dda9d276e18e34a608a2b40e1c192155036db5b4bb3d315e05750b902ab3b892ebbab9bb546b33c8f5c4bea5075b90b6c119acbaee828622a9da53d95657c1f34b93e861414e24175772dd53885894d982aa68e5f1eed77edd4154655585e2f98b65b4fd4400d9b95cd68834bc9d196288ba1c82203462e8ae605015b8eb25b8e2a168102ea02de9220ad7a0883f4ce9b8ac1aab96fb6adb8f407b085d6f5cf6cc2d0c649856f588e27c9b8b54de62a2ccac31fbbd41295b9972b2a8f0c59f3dc702b96b16dc5628b5dc4903e66698880218719997181981e68d4f7cde89f6046f74901bb77c11e2e05b997457780234c05371b81bc435ac7302de69e08c597108b6ccf89779062fb0b871f89cb0210254a8e227980890298a03c434bacaa4472644e23e02d9e40680036bbd12cfbf17cfc80551929b35d562a64d863ed9cc10805371b2dcf038d73369e0e02b1d06e2ef6bb4a21725e9df1f711255006b92e3ece79883a386b09167e17e2e57a7b9574707a2211ace481e70a7b7e9118a04a3b04bc7dd4c57085f46ebf963f7290cd6802be8252a16f6b1994b97171f9058e302ce5e5653519417005b2eeb798870b2c51b288aab6b4333a3988b28acd9c46cba72e25c05bddc7ace5accec3076b9bac301a51a33f71f330b6ff00ecc56e1c8c1e1cff0032efac2bf9956f46fd4280379b6a0a5d6fdcad8cdc39f7598294e565c2c5d3730a4c4b50fa8d56adee165fe0990b56f114539c6a63c1cc317f88e59552868e36c021d283d4ac6a5860c4f9a7a264e66cc9f10baeaf9dc46ead98bc7e08d0e16ea2d95f1014fbdc0be95858db38943cac32b55e862c1f08584a81e29a95c30c21ac4a7c0f4479860312a76cb0ba7b800d0c7828751c69dc216c2bc29c39defc05756cc839d9469fa850a0bdbc17d622bdb0e67c3dc0ad0ec32e576ba6a9afbb82c2aef16338f7895055cb650ad7fb1570705e3185b58ce92f64c69653e148d3f5714d7416aa59f35657409a03b523ea2b4aa547ac239f0c88c9c73c304e03f649b7681f304dc003e2007255b609781798ee3fed8bac3070a72bdcca01c262363baf5b656f3c567dbcca2f74ee606fbc30354a9f12910eff0070bbea516d5b826462db0aac3074639afa8cecbc32d4a305e7ddc400b59312dd5018094bbea0b88570677347875b556c3743f3d451abdcdf18886e2956b132372b7b741b881c3dca3106e9d1b652374c473c711c55df5285673c10e10a1f896d1a753e52b1ebf13368d63119c1f734235c466daf44d97c4e44bd644b3e27d42c22a103c5c25425d7f8521cce0162521cf1b893135cb5eba9d978ea8970a1491546198ffd048213934bbc19bacfacdeb476ac05591401ce7980102ec3b63e52c7bc5ed4aed0e94a0659c0e2bd3cb08558096b2d5711700b0d52b65a37cb1671a5b081b15a678ff5773f1b4ae057f6dc734075454129f7afb81bdf8b87c3803d329577cdf92381201fa7b31453161003f71713f26367a1a9b83b03f106ab4cb2f819457c304143d7344018177558832bc7306a82b5044c60fe218abcdca900a67e352cb8c6f093259240726cdd8b360b030fb89036e639c8c753d63918d13162cdb01ecefa9845e5bccb5c1c071700399805b7cc10e18819859b580580e72c425e73297904b070571078185aaff128fdf12d9b08d84ca02c358988fe0f728556151899545976ff00b981d9d4ed59622f39aaf880de2e26597a2a5202f3295aef8968bb8a8de373059c753459b8656cf5330fa4b5660e54af0d426a3e0e37566fc34b8958eb408f10afaab770e53366d5e6934670cd74f7d84023ba8dc0eb0669bfd662d02ac68bbc4a8ade9aa1a7eb89f3ead5dd66578b0b8191645d560410488d441aaf8675bf500c70aa5eeb0c0eb5d82b4625b4aaa8459572e8a8ca7df510262255794dff00048feeaf281f874b5f115fdecedb6d26e590e8e5dbe46155b464822c0c1b86334b0aefc5b168ac03403cce45b486d3205a67f52e2d8a5a79597e568b8576db5920252f267963b63f304eed2e21ad9bf898fa0e2021c2c2cc17488fc12864b8267d90adbb4d460b2deaf98db6c6a2d53acdc1dac94c5be239b819da5115959a88d969b52e3f994d54b2391cc70e783e595a18115e665a8826627c569a94352d0bd6a0af4c3329b606ee3e3e560377c6a299a710aaadf730738096a2584321b99516c62d8bc71342621ae638d7290e26fe20a2a69736dc0b95180812897086a25dc7f115fcc0e18450406df2b5a2d7023176ddd1aa70ff005076d6dbd580c979306fa8d10ab36d55b955fe31cef88756da7005b2fd947cc29405501282aacce72620f5b15dbb0b34c0b2c3aab8cb8db7f36dce3ab3b168e10ea0aaa7bb95eba00ebc1aba4aa66e5e55700c0a7351a7b58c1d5af3577f32b70c9823d81532550e21f0f4673d449483d1fd0cfa4231caea2736f8ea27e05d916235797d4458b9bdccdc297894070947a6351064c976111e080056f8f51bd9ccba23632c52eaa052568c546c98001a95757277c54b5b3e88545f796116e041ce555fdc40c04fb7d54594afe6a24789c402264a88e3713b789804aadaa215d6198e268ae78225d0e8e262e6a363589cc0dcb2b2c3188074acfcc4406882c7365c5ac378d102eda8355dbfdfccaf8ce2e53f0c2b76d6573294071cc18471772d1fe22247890dd386605b7fc25e210256623e186b502f89e84b9047e92bf8b8e68e8949864d12c65fc11712afdabb8eb15b4ad81b0b2fa951c9d55c0756d6f0d67b94865e946922ae933d5cabdb675cf402af393880aee85a593dee549142eca7ef313fcb64b7d8965afe61db815c0c8adfede894f04086d6deda6c6b224280269aa4b40e045fab994ab580055561ba0b87f9042eb0431401aa7e6103eafec83b69579a89db9c045bc5c28529a32b3110660a34a62594148803db9bb9412f8479015c7644dead7b20577bc90b1a7ee2200c101402cc11555f3c4a22d5a5a0d8798e41a6a58dcaee1c476cd7b84ab2f98d769bce2e88438f98a7a594fcf6c55bff0073b6db596257dc1c065832dc00cd15a94dbccde96a0c058df11baeea197afcb0bf2d70401ce6e0d0568977cd75ee342eb39cca7962cd0dcaea24cb95a2514d712ab1ba0265f0e2c80bc425b59d5cb06209ee18e60327ec8d7d3af01e199604081d4a81a8117ca6fe044aaba90378a0aeb3c9b878c54bc43db949036f368e52aea8b1c152cba106d0c1c76ed0f999eb48028de1c1602bdd45da96a4d0b72ec9fd12ce9cb56cb143cb0188874da6cd8700430e7ac36b1c3fb7cc10943cd5c2f425d7515f87b68ba362865e253916dbde4761c9d7d465933814b1905e0bf8c897a62871ab17759691cd80cab656aa597c050b1af127d72afd540852e197351ab39a36cc3ad826555a4aa94d00ed26567a1065f4214a56c688676a2c226ddc5790312eda0babaf997591666616cc35a6074319bf70b26bfda5abdaa142b6ea50b2f1c81cce159631a8fa6204203e9982ee60b504e75ee723773db536b66821964bf7782157cebea64752c390f6cba9b8e88dc0c54ba991aaa97aa967d1b94664dc1dba560816128aee03638ee52fcb032557b956caa2b8e6a34c8d7b977fa258b7ee658ed6ac0ede67fbae5f36a845a6ae6be0ae7a7f4cb8fefc116210d4628102128a743fc1ad384603937fb898321766eb939ba7c047549a968ae762cc6afcfda96d680382e0e0ee30a36cb0986dd7d50dc40715ca8aabbc59a34f77356a696a81d1639a79311ceba9ba1c396dd44ee660984c096531c85d64bebe8a33df5330d265effea51f5c7b72ae1068d3aa66dcc587d7f111576ee046cc38a88b9d504af74de3a83970c14f7110adae275c6edefe27357440b0b5ba8d8c8626bd9cae36a1c31729114c397dca12cce65c1c2622d807bdc081db0d57f895607cb2d13dcce7d46aa1c7c444285b107707e5336b76c41af5126f535f12de614900b183f72dcc6cfa881dc4bba81c3f70a47ddc6d9ac4abc0cbb65ad2a66d950f9c75030cd9ca688b6c10562a83b825c08bbabadbdb1288cb475418852b621618f440a6aa6504273700e51073f5ee54708c3079084ca6c0c867fbdb7fb826bf23fdc6de11c3fc1973894a8c308d3efc54a801737173e71e8151bf575fcb2c985a97f6751419cee8fe49ff00e17391cc490fb5798693a173152dd617e21b9fa8814ab61793b6e1a35540c12f3a8d4ba9697a6142608cab4c190f7325a96dc325be9664b16d041662ef6e0c417dd95be6280438cfb662ca9858358c1921472f980141d622642cddd541bd7e588d2d033ff220c64a6e09b8cb19a2517f8dc4466988650e2052fe88966f5b899bc4a16e64d7db03b65347010c4b385fa8dd9ff903238234be1c0407062f1ee3f80e200f1b95928c0c4f5a45c9ee595911bb8aa0ca0505ac32e7f04c922021416fdc5ead38f020553a8df97d4b0d2547fc045cbd43eeefa7c8c3df43beee60245b8b84378dfba9fcb146a3f1440de440aa5d70b44171f9a078bf1ffb4ffc1ff6870fe8ff0073a97ff9ee6d055c2de9484f9fbebfba0f08abb6b078ef68ccc72aaf1eeb6910d1d890dee3fb10bb53ba7d4701b352c14d5e20d5d3744b5a36f4cde8eec86696f52a6cad520894382ae3b1de6a2b938dc0e4cf1b65a6ee8e60eda39b09bb4b0e42c8ab93f65c1561404d1667343dca9cb9b71fee67829a8a6c05ae7d402b792e74b506b1c4c6eb300e5a96188298460ac44dc00ad6b04b78af98094225d0ede264b3231fc8c6845fa8041efed601acdf30c17a98eb02ef9653157a15c405dec8261961ff005026beee0a53c6fa9bf979f5065bd6e2d6ee590b6d94613894db286087b241d7836cc0195f80216014bf5399704b0ea07a2317d985f2cfb4a9bc782ed89d7e388d3fba237227cda5602778cda501a2a8190ddc3fb86c0058658172fd9d13db325aa666aebb3533083ea1abf54e9e091ffd7ff729697c69be5cb0623a952f6b700015a942b555b648c24c174d81542b20bd4aa2e70171825aca9d87de61fb1a869c36408091b06ba26660c1bb805d3ea395b6ce25e4e70900beed8112aedee22d1bb8d647e51b35a03334039711831cc5033cd590056b332116bcc1e5b3770553c32f51d5fa41b7bd25cd16713fe4ff0069a63e27fa434ce7e136fc919c43353e19fc13621b3e7fa8eff334fa4dff001e17fa86ff0030f07bb397dc6747d4fea4749fed3593f921fbff00ccfd69b30ff03878753c74869354da11fa9e40ecf8e89b478fb9c3349b3e26cf967ed13f4d384373ff00bdd26ff327f33e29fdbfe7c0d43fdc1fa19fc8fe26df6cfd99bfe1e06fef1d7e59c7eff89b9f3fd31de79fdf9f63e27fffc4002b1100020201040202020202030101000000000102111003202131041230411322053206511423404261ffda0008010201013f00a43498afa18ca2a8a191b738a20a961639287d111f022a8b286225de18e224ac74342498ca42489225d0b924d0b122d50f2c435858a5958fac4b2f2b672cd1a3c877ab2c26278f2b4a3aba73835d9ad09e8ea384bb4299099099a53e8f1a5627b1a62c225de1e19a0af563b53c509a4c7ce1e225089658951689342c4888c6c63bb1895b2498d31ac5328a298ca188fb18b0fa10f379a7b74f88b66b3b9c9e2c8c84c67f35e2b9c3f3415c90a6d119234e6694cf166d320ed210b090d2392d8b09619e225f9314f62ec76c4b0cbc561743cbc31891585864889222cbb290f93d0f568621e2b6ad8f632f0f624969b356d49d88b1116f1349aa67f29e2bf175a5eabf4911974466696af28f1f50f167ed148b161a10c62eb648f0d7ed278bc2188bc367786e9917c0c7d0f749111959689778784de2e98e4923dd517164a28a90d35844b75628acd15b121f1a6cf263fb59d0a98b1178fe4bc55e4e84a1ff00d226a50938be1a3d9a34f50f1b5783c2d65faa22ef3cb2b1c6d6784b893c245086229090d111943c7d6d6225962192784ac690e253c7ab6c7167a0a0388ad0ddf028d8e038d0d339585b9ecbc5222b93578d366ac7db826aa4d610988451fe41e1fa4979305fab1b14da347568f0f5e9c4f17554e084c5f0c8f0d7e962ca188bac5a62ab1a62bb3eb0f758f93a4276488e3532d94d9187fb3d48c698d12544572522950e363fd589d8ca55c8e28f51c069a2b6d6ed2fec6bbfd18fb3ca87ff004b084f1178f23461afa72d297523ccd0d4f1b5b534a7dac699a7a8a147f1de6d4a9b34b5149265fc323c755a71d8b157b1218b0cfa1e5f05e7ea849e2eb1ab8b1724635b1b44888f3342850e45aa223786d3e0f547e344a0d31c5afa29efd2fa66b938a26ad33522e2dac2629098988ff20f07f3e97e6d35ff00640692a1c98a469eb387d9fc5ff27fbc2137c0a56acac2cbc33b68d3feb145653c21a123d7126449e1f5b3b1e2d97c58a45e3835a47b11b911586339c3219fb1a12744e0eec6989c97d0ed8933d792b0cba43498e27e390e322b3a2a8d77cd121a3c9837fb0c588b2245d0ff0064ecfe6fc3ff008be43715ff005cb0cfa213a68f07f9cfc7a3186aab92131aca16191e64911d8b6596c56488925c0b864aab6bc345edd4229b6884521ef5b6c6526389ea522d0e99ea389288d3422cf64545fd1f8d128389a7d1adfdc686491ad1f590f3117d113f92f163e5f8f3d37fd8d48ca129424aa48b2cfb135fef0dee6cd149ce3b1758a65e12c225c9144ba1764badb2daf126921d9a71e3e0a7b98c4cbc32ac4b2d0e24d5313650b1321d1aaff61bc3767910f683637f4268b13224588ff24f0bd5ff00cbd35c31b5658dde16c68432478b14e6b1d2c5b166f34722ec9f42ec90bb78ac3796212c6a1f691d1627b50f6bcd22b148acf05e3523684a9890c44d734457ea4f96c63450d26795a6a12b5d0b1645b13627746be969ebe94f4a6ae323cdf167e2f913d097d0b82548a7bd8cfe3fb96c452c21a42c3b1b22ec6c892db23e85988d13ecd356c686b9d8f6362cb3bf9299a90a76278fa3b912e2231ecd58a9c1a1aa6d16589919099167f91783f9f47f3e9aff00b207dd92a1345e68596a8f057eb2785b13b1b2c8e1922036224f2db484c7b531c89bbb6687431b16687bbe86b0b0b0f6bccd58f86449d2891ecd4feb43243c50d268f2b4e9fb0cb1322c8b2121a5255da67f35e1ff00c4f224a2bfeb966f7c8f115692c3381616296c9102587865ad9658d9127d1234b1484862dac5b2b0b62dac433557269f26b3e91a691aa318d61a2a8d6829268d452849a67b162626459191fcbf86bccf1e715fdd1352849c65c34268b1de10d9d8db2f9a345569c10b9cad979e862e864490f37586597c8dda2289b2641705142ca1ecfac3cd7cba869f06a3b669aecd7c3c3450c6933cfd1b8b9aef0996264590963fc97c2fc73ff93a6bf5915238173862c4d9a69b9a12e04310ce30c5997585d0c44f0c6c45a24f647a25db27d1a7d2df6f0b63c2f9b53b124958df269a66bbfdab63cd1a90528b54793a6f4a6e388b426c8b22c89e569435f4a7a53e533cdf1bc8f1f5e7a5574508b1b6de1b2478aaf560b37862422b28931f7b1f658f1f42a6c962f09ba2c9334798ed7b16c7f3c99db27c2a110e11adccb75619e7687e48fb2ed0f8109b1322c8b15346af8da5a92f69ab78b3958bc391fc7af69b97fa1e562f0d911e258961922c6d628fb1e12cb4acf534db8ba15b39cb16551f63ac3f89ec64ddf4451a8d590ece145b26edbc2cb165a4d3479fe3fe29b6ba644b109a22c8b16382cb2c93c7f1eaa3378a153c3425862e8a113c32c97587962cac499117449534c872be143c5ecbf8a6ddd08b4958ddb21da355d41eeb7b7cad35a9092270706d31084c8c8832f74da234788ab4d656c62b1758b25cb10f13eb3543bb25f58bc26367645089a34a55c3f81978785b17c126d22db6374893c69d59e43fd47b195b64ad1fca68b8c94d61378836418a4f63c4bb12b691a4aa115842c73b116764bb121bc4bacbc3779bc58a872223269ae51a53bef63cd89d0e48b3e87222c6cb42c316d92b4d0b862a64f878d33c87f279505a9a728344e328cda68b22c8b22c522b6327d9a2ae5112a4b162bdb68fac3e10fb11215932d8b12ec78b44ab0da232470f914a91ec5daa2e990d42cb1b3d8721bc5d163962cb1b3dc531c852135b753b3a434af1a4ad1afdb5f24d1fc86837ff006450fb38a22c8b13c5e58ddb3c38a96a4161613c313c2ef0c6dd1cde188965b192691291639168932c53690a6c5363d467b33d88eab42d443d447e43dcfc88f747e447ba3dcf71cc531ea23dcfc87e423323222c5893a4c7cb27558469f46bbb9b7f2eac134d1e5e97e2d47118990629977b24d50bb3c15fbb7feb0b0b0f286cb44b2c8932de24326367b0d965fc0d96cb639165965967b33d8f61ccf63d858b642744269d1178d67c112788a62e226a3b93df5b99e7e82d4d3934bf644ed3a6b0a42910bcb25c0bb3c18fe8e58594f2b12e844b2de26c4512192631b7ff0095ac35b1379849a68d19a7f67d1a8db624e8a1c48264b8831f6f72f81a47f2ba11d29fb4577842922d7d16ef33c788ab4a3b165e23d12c323d8f3313a1b18c9225ff00a6914868a6455674e6e2d0b5ed5222bd897559d3e64792dc61bd09ec7b3cdd05ada528fd9ab09424e2fb58484b64970423ca4692a8450b62d91e06f28631f43248486324ec97fe6b45a2d168b2cf647b23d9168b4435145db34356334df46a4db7c0db6293344f2ddd2f8af63121a3f97f1bd64b552e18e8bdda6ae488b38dab67d92cb1764b13eb32a244b65ac5a1b2cb2cf63d8f63d8733f21ee7b9ee7b977b39cb43f6392d89e3c674da1e28d14792f9af816155650b3af05a909419e4e83d1d594191aae459451a4bf642f81225863621b12e490b92434325d122586e87367bb14d9ec36cb626f3c1c1c0d0e28f5653ca121a109143150d21c70c4cd1b4cb13b1334bfab35ddc995b515958631659fcb78ce715ab15ca25c312d913415cb6bc2c21bc3d889618da192192c487d8d88588ab2a8b1c91ec5e2d965d948a650d516f10a6cf447a8e164b4eae8b68ec94708d37c9cd611a7c409bb931eeb1e2843456c44d2945c6bb3cbf17561ad2556888bbca3c7fbdf784310c5b25890c7d92192589743eca8d3cc51686d97858b23842b2a4548698a2c4884685d65d327043b587117643b1611d40976f0f63c50be14ac9e969c9db4212ca34634ac427bd0c43161d0fa1e28961d13431f648976c588c46cbc3c229148e916415b3ac5618c42eb156556251ec71699698d10155634d36d1a9c418fefe4b2f285f78b12bd8886aa49216b44fc911497567b7ffa7b314a8f643909aa2d0862c7d921f250c9e67d12c489f6f10431bd8859ec46976b09158e336ab3de67d61097247a58d2fec91aeea23c3d8b29e6879585d0c568e065bbc2c3b2c5268fc92ff67e590b5a47e616ac685a91b16aaff67b8a67b1ee8734ce0652a24869e26487d92353b222543635f02c69f6ac4b178490d14762d94490d10191e963415c91e43a490de1edbdaf0b2d1658f0f1658b72189ba1365b3da48fc9316ac85ad216b8b5e27e687fb23ab0aec538bfb1b4522518b25a6a8d48b8968d4ec80d97878a28a1610991ed0ab6263167eb163193ec83191e963417d9e4f2d66c796f28a197b58cbc2c50e384cb2c43c2658ba15fc16596d1eec5ab33f34c7e4bff0046a6afb7d624ac8a2f3c618b6dd1a7da15121622ad924b73112e892ec8219069c56341523c87fb6eacb1163d9636f2b178b13b1f284ab6b12d9f586fe2634ef0c6f2b6acbb1e202284ab0ac95aabd95956487d889a347fa08d2e91aeee4f1f5baf1659d8f6328e2b0b342aaca1de7ef0cfa10af0fe2636893488bb2431e508794379890cbb2d0e85bd8d61f269a4a247b22ff527cb63c561ee5b5158e6f111a392f621ec4c7b5fc7264989d0d8f0c4470f0879a176886223ef0f08e8fa28fa10f963ec90a5469bb444ea03ec68ac5ed585b16d6216189d1767d6197958e068adcb748689e56c5b5e508865e1da10cb42d8ba25d8da633c65688c5d93e203f8d6ce0bd8f0b2c7843d886b2f35f0b244d0869a10c5943d8b09621858b449a62ef0bbc5e28ae098892e0f0daf6e4546bb55437f0f65618997959e336c916508bc328e459435ff00e8bb1de1edb1e664c43c3c3c2d942c471a45b161942ec75959b264464290a725d325393ef9dc879eb0f0f29ecb1759b12191e8af839bc2e59587b550d664ac9ac3dcb6a4522eb83ba34c5d0b8c3eb1558e0796aca2622bb23b1bcc72c4878b2f6a2b14b1cec644a163b2b6d1f65fc087864f0d319118965e108e70c4fa34c5d114562b72c57fb26471116158f0963e8e73276702dcb2d9627843a651d0b2ac62c3177f1dec7124a8bb431591e4a188b121a28bc3226976c4f811c3cf634ce7143c326508aa62166b17b58be04c656e578e05d678d943dbcfc53432cae0e5322c7874446707184234bb67d09ec88d8d96268725645a64a86320bed927c8859a2b0b671b79db795b90ba1e2b0f0dd958bf95ab271e0ae6c8a1a4745e2858a298ba162c8cde2d8e54291076345328a634ce70fb12be49342a6f1d08fb1e38d8deda1efa5879585de2962d0fbb2cbbcd7cf2e8a49e6868f61358ba2c4cec5472463628a45a24e916c810a4368b45a2d62584aedfd1291ec405845dfc0ab63dcb2d0ec5842e8acd14c4879bcdedadcb12e992ed90c3a192485c1659452c24444d22531b10d22a88b17456167d45eaf827db1a645313c58be07f1dbccba10ffb8bb2231884318c7f1bd9f6219f4c9f6c87448432597d8ba1f63ec89018f113ec9911618bef0bb27fd4d2fec4fb62e87d658b6fd1118cfa16e7da1f63c7ffc4003411000202010401040104020102060300000001021121031231411004223251610513207133425214233040438191a1505382ffda0008010301013f007b5392e909d36aa90ddb69116b6b68db716cb4dd4b8255f2e5172bb6c8ba468c5669987056ac58e30c754295be4759acb14b75fd18acbe49d5e326d4d125669af6d70492cd9051db5436d3ab3d3c293b46b56e4b8469462939b1bb6f1649bd9048d3c46d095cd935c6688d2442f7a2584455293b3379c0e9adbc220d7581a4d92b488bb1a12c0b919d164859fe0fc248a5e1958fe1f7e1217f068d7dd69a3463b21048e729138ab1c696de869b5567a6d47a7a906cd394250b8f634ef6928227157866bc5b6db95a3d5c5edc7f16dd63236fe4e26f928d8eed3161252ec928c785825b9aa4b23b9afca20f6ed8b146294a4958b72a695951e6f245c69fe4a49a63e72c863ae46eb290f3243aa65baf77046d458f2d2aa42551be521db99a2928db66b6d72bb156cfc10c9a92a7484d6c78a440973942c4190f9d13b4e98a2f649914dbc93575469a75c58a0ab827a4d24ec8c24ba19d086cb545a1b1181b13199178621ff05e197fc7529ca36c869a8c6228e19b5de324a24eeed1194b75d1fa6eba8ffdb916aec77d928a35146974cf530b4d138b4ddff0b9555e44daf90bdad092ddbfb636a967225757d0b0959bdc5a72138ac2c9a2d53564936d509e69a11cf63ed1b945a7ca27b8ddf83532934a88d3a4d5934d509b4c725b28945a93959a5882bc23512dcacaa85a34dd4a8d4a722571d3a4685377c13bbaba24fd8951a49ef55c12e596941a22ee490db47a6ca127b97d136e8846d33534e364f4ed3ac511d27564a14fc2fe2bc310cb11217f2459cf952ffbb1b568d3dad60a437da45eee89462f04951a7250767a4d58eb413bc8f8591c2f2f91c706bc134d72cf571db27fc38e8c2495d0d49fb5ba15d34e39434a5c619525249bc14e375d11bc38a126ec8a584c925495d9714e9aa45bf70965127c7d98b64af191295d593aa5121964dfb7246d55a352b6533b57c1a6a5282dc4af7e78249a8a341293ba24d5bc1ab88c4d174cb727c1aaea2a8f4ff22f2cd4bd8a8d2cc913bb3d2aad3b2e9e58dac3bb469bc3397c1a8e29d590d9b47f3aa27152ca169c5de47a6fa25192ebf82fe287fc2dff0007e5e0936efa3f49d7fdd86c789a255d184d0faae091336be4f45aab467177562f72542299ab15fd1eb749ca2f191a69b4fcdbdaaf2896c59a2b09c70464e35f91ed4a5268e64e4427f639293fa34f9c702ed31c93abe07fd59c628871ce493641a578bb1d3bae8ba6ab24aef7321b779a92759232cab46b660d212b749915ec47329564d47881a4d7b8b57c59ea9e22b93d366d49e4a7b9e4d6c248d1dab8e44f26a560d2a6f2869ee229461144529325c9b92447553eb26a4737223a9a318aed8a70b72487adf823a89a95a31689cd7d1150bb1e9a79b1c57424edf8e8eebf82f0c5fc9926a893cb3d36b7ecce3acb0465be2a51ecb5de475c0e364bff00a24e2f2d50edb5d9fa5ebef8fed49fbd0d26aeb041c624e116b83574934d6d3d5e9384dd71e5b65256de4ba93cda1c9a4ef813c8ee344962d18da45262baf72a1db54f054935da43e30ec8afaece97d8bfda9136f85834eb2912ef3820939b46ae30cd3575dd1ad85cd10bdc896228dbefc1ad8da99e9d3f7b68a4d9aeeda491a14d3c0b966bff00a9a2bdb2c095523553c1a2924db3496ed48d9ab49234c97cb91a514dc8fdc6e940cbe5d951508ba17245b2bdacce0966c8a626d60c7269c136db3f6e36912d1a8dd9fb6fa249ae5097f3463cb357e2cd574b823fb784d9fa56aa6a5a5cc90a23a56e895513549df04a36d1b6b9747a7d57a5a9199a7a90d4846507866d628baaec92c34d9eafd3ef8e160d7d370934589bc36cb59a781736c94375d2a1c1dfd893bae46a93ae476dc55106934458961965bbe08eeb6d8f6a238c5db1fd8a2ac9f77834d38bb3529e1bb3430eb835b10491a3b672a7826dc60d2469bb6b06bc95d1a0db84df042dc92e8d5a4dd3345541b646f75d1ea1dbaaca34f8e4cb68d5b723497b5b3d2ab9d9abd0be8935192ce4d5ce64ec852192ba4882b1baa4293db545db2446e88d93a52c1a7259453b44f0b9229ba26a3c726d8343d357864b4da58129735fc18bc76335dd40f50ddc57068cbfe593d36a6a464b511a3a91d4d38ca2ec51bec693a44a24e2d3271cbae092ce307e93aeb4e4f4a4f0ccd16eac6655a67aff0048a7a72947a249a62b76de074d5559b95aac225726da9702b516d175791349aa7688e2575642a5d559b7286d5d31f18626ec69fd8ab168a4dcb0484dd3a4493b468ab7935945708d2f951adb5ae4d051df1e91aaff00edbb7c11f9459aad39ba21881a7f235313669dad234fe69b66bdee768d35ed647946a664cd3f81e8e3966bb585d8e6a11a5f2636aff2c9354445c922382ecff5211ec6d64e88ba2524e56415e48ca584d1ab172aa7625248df18de6cfdc5b6e8849b66a5da488d3ec704c7087de4fdbc5a634d17e59ea1e562d1ea1b7a95c106694d35767e99ac93fd99a2096471aca1abee8947b6ec6967ec92596d9ba7169a67e9fea7fea3453799215e705baa15532955747abfd2deaeab9e9e22c9caaf6e190dcf2f166d6e395823b5e38b36d5afb1c576249a4f812aa699a7b79e45c58dde0e5345a6d67c53e90da763a5fd908f392787c9a4a5f566b61a468665c60d7493ce0f4f15bad1ea1adbcd1a6939235565fd8937a6d9a77689db9362c691a4937766a72fb23f020ae489bf7320b06854536c9be66ce56e62e475e23c8c8f0c4313c0ebc2ac92d4a74435a3542d48bec7a9ca5232f2e45249ba25ab8a34b557163d5ca4b2392ae08bb1ba7c0f6b8aa3d9d9fb3093dc4b4565d8f467d124d5a66bf546b352d59f542beb226ebe8f4bad2b8b5868f49ab1d486f5c926d8d7d12687b72da24b82496ea68f41ea25a1acbfe2cb4e3b93b47b5d149994c8ba5c8dddbdb6c5f554277ed43dfcb5c1b6da7764b6dc62e44171d996e8d3b578b22afb38c72cbe9f05a6de052fc0db76ec4b16c95aeac8ed6b0c9356d9a5746abcd36687fbb3d43e2376cf4c96e4df47a8a71c9a377c93ccdab258d38c5334632e0a56c93ffb5034ea993e4e2069f249ab642fda769746acada48e551db43e523a23c921610a86743e7c3e18fcee92e190d56b0c9ea5e0bf09b46f9aec86b3c237d90935fd09a1325358c09f147a876fe8d6c32799cdd0b95f441e2b944374299fa6fa8a9ed784c4db5839c7635c21ac9351baa26a5932eb07e93ea3f720f4753943c3112e4b46d5b5e703b8b5d329d2690e953f910514ae46776ebb271aabc323393e882a5929ae18935d8fa47d0f9fa2ba1e2d3e4e39e885a85b64f9ca346a9d64d559a3d3b7b65835f12fc9e973267a8f8a4696d5c2156e746a7c62683b43b4db26d6c810cd8dadff0066a36e2910ec56d9a5556fa14b12976256895a544536ec68749511243c25e7843e7c6abf678567435fc9f8d19297f687c60d396e8b5d8db2bb66e689b72e3935ad21cdc55a591b952a890aab6a98a6d739346694acfd37d43d5d282ff645343cd324b3826b26a2bc7089c1c4d19ea68cd6a26686a475a0a6bb3255c4a1bb8fd138a92a6ed09b6bda3bb78e054b9e84e2dbfb1e5b7c9a695d94aa227ffb0d3e5947287c725714575d8f2e84e518f167323d3d6c66b728d0a514d9ea73a968f4ab3235adb4ae8d24d29d9cc9d127ed8da34f8742b72a66ad248d2cc5986d1220fdac4f23c69c52ec926b045d70488f164b91d510434ac9084ac7e2cd478191b2d9c893e4cf9434a89473488fb5d919275645b4cc726e689c86e54eb9359b519b7c9eeeca77f42e1916b8e48a47e9fad2d1d58db34deff72e18f0224af089c553276b0f26a2924b07e93ea36ea7ed6a3a8b33c8d50abec9c5464dc705d5f65b4df4852b6f6e224a4b97d8b2a9f2c57177669352c09a4d763cbb18ff00fb15e29d134b27049a5179c8a29b526c784cbcfe482f6e1e0d4bdeacd18ad86ab4e6fa67a6ba66bbcabcb34b89b2356d1ab8714433078235baacd54b1db12f63e8d3cb489ac915516415cd226a2a5044fb125686a85c0f925c1a4da8b1b18aa84310c964c79581be109646b25559d167436cd29117f669b5c1a8ead0de28d4f6c5c923d5bf6fe5952e482eb9293b3db54c8ab5834a724d23f4bf51ba1fb727ef457d95d743db178764e3bb09d13847fb35135c6511a834fb3d0ebfefe95ddc8ab158f9b9b174f91be6d5d16e54fa1a32a84d619a6a5d895b7d327bba469b7c343e79a2343777e25446ea895c717c90c3c89546d09b72469fc5744b3293bc9e995459af9990afdb9d1a6ae691acfde41d69b34d2dcb06abf71fe8cd149c8972cced3415cd1ab4e6897c6469c5b699313a42cb24b22e08aba19d116362e192195542665e11158b661bb2ddb1f298dab1b45216293f11bb54404e99aaf2bc6b622d1eb1d28d91dcb045d0a92b30ad51a7349323749a783d26bbd39c5a67a79c3560a49da29bcf435493e4a6b34548d58e5f438ed76d9e83d43d1d55ff0016749ae0ff00faa352e4afa23f2be8dcaddb2f348a7c3e10932096771049fb960cd37c32eb2c8f74c9b5da22fa2926471cab25b6c846569b26bec8d5ace096349d321488a4e0bec6ed9a15b38b352dcd89ed837468a6e69b355ab78254e0a8d1572275bb81aa8d1a6ba1f24be28f4d1b959375a9843771922381e5b1f043964bc2242e04890b827e1d8bc2cacac0f0b08a960dcee5f91f3e1121aa5c1a2ae56243f91a9c26366b37c51eb2f7a4d1b9d109768a9f42a95e72693cb136d5234e4d4a99fa3fa9e34589e2a8bca435149e492ca544e295b64ea95a1aaba47e99ea65ab15a72e5167bbfb449eddc45f65c79ecd43a8f44231e2c4a305f62e770f3cf226f9a1dbe5108a5d12239256f934be46bb7468c77356cd56ebe91a7778ca269edb5844959a4928c5134b7c89fc22cd0a7235396c962091a0b3657b89f08821f24d5d51e8e26a7f9122586d0ec449aa22c91d111d785c943c2c9295b1bbca18bc25f6f91d6122554d8da75e55d5908ae5b255234952bf12cb4cd6e9231c766b36f0f93d4493d492be069b69744528c5e6c52c37c117c31ae5f0424db427347a5d6d48ce2d3ca3d26b2d6d28ce3c8eeb23ddfd9a9d7d8e3edfc938c6894534d2c9e9f59e96a27d9a538ce0a449bf731ee76e48ff0054921d2c5f25628692bfa1473126f1646869ee543f88f2375437c11be8965d234717f67a8724d60d0bc1ad6a2d1a396e960d57150a6c59e05c4684965f26b56d4682a6d8e9c9d9a9d1a38dc2f913218477449707a78d26cd4f9425da35fe421b764991fb1f248892f09b133518be57d12763a4223ffcb24da6cbc8bc3660e8cd31d36e88ac225889049b4cd49dda1e4d56f713cc9e393bc13c610d58b8b4378be45cfd1a6df6c8bcd9fa3fab9427b1e62c8e52ec9a71e3b1e6af92554c90e2ba74c6a8d3f51b629592d9845cf1816edc970912bb8b78445daa486b357424f1d13eb3447863579e4974acca12bab2b934dbae2c97cafa3493ac2b3557de0f4ebddcd9ea134a8f4ebdc8f515442f755649decc6191bba35d5b55d1a2bd8ec5f2b66ae6441541905944c8ded22b3628c9cad1a6a51d3c9a8d33529d322b0cec92c8978949310c62e3c4d8bb3b1981471699cb628f3e112e591e4b33ba243e4fe88f04edba42f62abb6ca1d2356ea6c8bc2b30d7191c5ab24af0b9136b9124d34de09d374b82371c256425c26426e324d33f4bd75ada514ddc87c0e9e792964db6f249738269b744aaf91c77ee6b843db4d2c095dcaa88bdd87d0a975442ad58b1b53cd924d3a7c12dcb090b03bef812e52cd12ba59b30c8ba808d3b4adb1c9c9cacf4ca34e49e4f53f5d9a114e46bf74687f92346afc644146d7d9aadb23881a69b913f9317c089332a269f2682b6d926d4069b6be8be509d47f22e47cf88d5a18bc229146a3e8a7565338f1744536cb5c0d91fb1276d97f82fff00764936d389055965db491b54537cc86a6f2703a69aecf54dad3921de04d3781a6ce874e8da97c4498d72e88376295aa3f4bf50f435a39c334f523a8935c1bbb4b036b73438f6726a418f0e9b2dce9a64eeda3dc941724f726ba4420d9152545c5a522ee43784244d26a88a24dd257c1ed23c522dde10a2a31c12f933d3613355b7367a648f53358a3d3dee8b35a4dc7068db793579a1fc11a2b36c972c77b1104c7cd31f447934f089c96d669f364f9351528c91667c22d9d09191a6325b9b26daa426369f08776912a20934d128b29647843bce493c5243db6fed987490d7b68d15cb24e6894e4dd0ecd5f8b3d6cfd8910a687c8dbc570537dd0fe88f24edf071c8b3964654d9a5a8b0dba67e89ea37e9b8cc743db56c74d7d8f3dd13524e91fb2e76c6eb327645a9bdc8dd49332ed10c510727864fdca3edaa22eed551976ba13758e46ed5b13ae093cd9a7c93548d35990e515032e48d28d42cd4bdce8f4b4d33d455d1e99653b359b491a4ee4b39277b9db2788c59a576ccb64dba469f0c4b2334d27224ba44e292fc9942cb6d97d74555f8a2a8a18bc3c8f0ac8ddd8edbb2308f2c71ce05993b1a4d2a46dae193c50e2daa4254aaf2354e895d1ee20b285c48d36b7a5d325cb2978d6f8a47ada528a442c77ca2e37865f4c51756b245d58e9b424a9b39e1f8d3db6ad1fa5ebbd0d58ca5c3212538a95da17363cbfa2486ade47a5f82ff001822b9b676f166734469d9a514aa4b81dc60db236f6c879782a9aa44aea88e703c59a689b9524c85ee546aa4a2f243125f688aa83be589bdd2c60f4f88b6cf519923d355b3d44a8d1abb1ab9936ea28d2c26cd2772a3508af6b1723b34ec8bb69326dff652a228944ac1b5d8d0a3812c8d1189b68764de28a657026d0ac4b96546960dbd7435d11b4da2b34c796cddd176cd25e216e71351ed72545978e2d9ad27847ab95ea3488db4895a567f452e88ddd744a2ddb137c35475865c50bb21250dab9213cb3f44f57ba3fb537910d5d6075d61938897dc2c90b2915df285dfd312bcd60d3a43a69a1a7c2c18f6a6e99c2be112b17e0b7ba88d9a8af72347e5c1aedbc320b844be156564d3551566a36e6d1e993d87a86ed221c362bdc9a352ed1a774c8472484b04531a64702b7e561a64a992aaa286add8f8145d94242f0e299b3238b3695c14c49a655aa66d457d8d3a24ab144946958df14430922e91a4ae71272bdc98950dd13793573a9a82758655bb671545b562c177cf86dd9d50e97e509d3be9106be68f4bacf4e509ae51e8f5e1afa6b522ecdcdc9609456e5224af825698d27cf24375bfa319aca230c36bb209caaf0911cfc704d7d3c949724a31c35c8e4b825c09d2b44ad3b4cd35c92945c9e0d3bc5e0d5ff5499a3196f56cd7924b186462fae4cc209936b2cd28a508d1ab99e483a8334d5c8d4e485a8b669d368684b04531ab147f9a18c5ff008348afe14bc49128ae59b63b9089bc51a29d398ddb7e25b5726a55ca86e4e4e4c6d67ed99a62bc34644df47232ad8af0989be07976f22786ba20f6d3bb3f45f54f4e7fb7278910b75781d6686f1764b92716a56b82973781c6d24b0d99a4910dd6269343753303c24c55df6456324e354d9149d765d607c9a6b0d9a9991e9954bf26bd374cd3a72568d5751396431048d45ef1a4a0696658255b98be269a396248a5ff00997fc249346ca16097381afdbd3517c8bc48d7751931c4c32b8c0ff1e3163e9224c8762bbb13c996ac4a597d1192468cdac9fa3faa96be826dfb917716549f439572c8c58eb2b9234e2ed94ffe441238e482bfec7c5329d2ae076e56f026db581bbf910b967843e30564838c226a38eec23d324af7766bbc9e9d5c8f50fdb93497bb23b8c4b6e76c9fc228d1593b637491a6c8d5ff00f806491a71daf748d79b782c66af06bfc287f56382c573e1aacbc89b5d093546e5665174eda124b2f049fd0a387920f1912ed09b58bb3f49f59ff4da914ddc59076ad3c33ddf63714f2ac9608ed7ce0c26d764674749f470db468af67db3379338b1e13ec8d3493c92adc910514b04dc927445bec924d5092bba34d3fdb3532cf491b67ab956d89a104e48d66f6b44393530d221d8b927d10e0873ff009dbfe14324add9566da356f26bd5a4497d3155ac0edbc0d98636ecac6e63292b4cc7791b25948835c188e44dbc9074d33f44f5cb5b49e94dfbd1ce792a5f426da6bb372785c94eaee98925d591e46e97b5915b60849658ac911706a89d378669d73564e585834d65348d6bdac8e48620ac938ef3d3eeab4a8f57b5c91e9a9b3d437b691a516d93b721476c5b20ae8756222a9ffe3532994cdb2298932994ca297975e30476b28aa36a29235703621d9a8dd335be75f667fa25bb2910dd966d6d974fc53c8f3d9d5f45df191bc9c51eeb14952542c608c9551fa76bfecea475165a3d36bc7574e338662ca274afb2a9db64a9aaec7874f28966a8826e7088d747744e9d36f02efa424aae892ed1a388b6f827b5ba468a46b5bfe85d244eb6e0ecd18b504cd4a94e499e9b09d9ea5aaa346de7864af70fe09f668bca43a526274911e7ca8fd8e391c11b448691830596cb65b2cb2cb13f163fe1664cf8521bc893791e4d5303c1c9aaaa546afce4f91359b63fc09b4ce18f1cf06d557c96ad9b6ce57f447a68b4b0c79cae0bb4662d7d17cb5c8aed762dc9bac9fa17abd36968cb0d1192ac126371bb6279544147eec960d0b96ac7049d2b36b954896da2294b0c7ed54c59c0895aea91a0be4cd6ca74b268a8ee4b966b377934eac9528d5d0a5934a944d7772a34dd265b72352e91a491cc8447cc6e875d8bc5937e68a29143457f3b764a4fa1ce46e90a7234a64fc26c4764e84b231a3571264de5d0dac8893698ddfe4cf034eb235daecce0fedd163cd648a558765258636dd23bc22ea49a33751c33d36a7edca12ed1e8fd4435b461372a66c9c5bfa1a4b0d0d555949c876b93d246ed8ed6deccdd93cf24639b892b967b2948f8a59b26ee499a5b763cd3355a733d3d3e8f53d264295235a5506cb6de59075146a3f7d91550641652351e6ba20925645fbac7ca222f1d22dde4ebc48c8960742a432bf8342f165a14a231bfe30d469a8bc8d77e2327d8e8965191da2d1aeed4e4629225744705e1a3b1f345c4962d09ab564b1278306d59645b319462d7e46df6222fa7c91b527f47a6f51ad0d3a4c9bfac9b9b8e109b95e3265eddac6efe583d35ad343e5d12fc13cab20b877449499093ddf1a1d3c979fb6476c63c9395b66836a26bbb96793415c93960f512f636cd3a94869462ec4d49b24da8c51a49b6b24b326855b5112ec8f02f11ba5e11297485e1f8487fc299374ac6e4f963f3c1d79c92e1328c909b562f72bf164f82e8931e326bb4a12e9149551cf66792cc2563b59e46de2b2c7b9aa6359a68b4c4d32ead91b6357848aa75c8d2e28771c2c22f6f191e561d0e535f1e0b755212a8bec52a8bdabdc84f2eba1d2a16bc62a9216be96285ada76e98e5a6d5a78642e8c6305454931ef64212529368d48c5f0c946769d10ff1d33555cecf4c934d9aedf0695c9aa359b8c1a4cd359aecd4746962d96ed8dba8a223bb21c21788bc16499128621527e257fc2cd4f8bf192fc60aa4bc31ae8ebc27bb817669b7697895a170d12193c23d57c1d9ee3ae0a7d0accbe8cbe06df02acbecc376ca6994b930d315f23bf931bf8f44176349d994f3d8ddba6c8d25947b98926a99249d60daa9df2472b04a9ff63daeda56caae7b24f15c23749dd48fddd65c485afa89d362f52ef81faaba4e23f53a22f53a0d7ce8df07d8e3a72764231d3c2ec9454de59a70507ed3554a69a442134d5ac1ab76a90b1076432d224f2911c223962e08f885b4ac6d21bb7e597e132c667cea7c598194d78bc1d50bc3f3ed4aa26110f922d2becd4f8e08717225cbfaf1a927583d5b5842c95da22edbc1149a30b23adad983faca161a5d14fac0d2490a9b6fa236f1c116ae8c27745c8c3c2e46924f2571da1baee86ddd44974e3c96dc6a2e896e6f0a88a92ec4924ac929f25429aec5c64db1bdc4ef1d0e12e469daeec97c6abdc53da28c71435c533deb367ee6a2a6a42f53af7c91f55a9dc45eaeb988bd5e93ea85afa2e9dd1fb9a4fb23b13746198e2c826ab26e4883f1078a1897f0422863a4c591d0c9f0fc310d18e28a697e449af2d142304794c4b0493a669b544eac6d1a87a8adebc3a161a1f148ca743cda1a971d1dfe0579c106b0fb1b234d1c3daba145d92bafa67e4492cde44abbe4ebdbc0a0bb45b748796d2c246e554b085ca6cf766d0df12295330db638b6de09ed4f0456549e4cb1c709acd975ca1c6e992e5d157426b363eabb1222859b5f45558a298e2916ef0c8cb5135723f7f513f910d79ed21ab29744357a688cd322d578621ff07fc298d12e1ff07636d2e48948fa17945acaa13a6276895d10ae092ab19aacd795ea32e2f0ca4dfdf8b7c193a13c8ed595c3ecee85bfbe070e91cedcd0af2bb1664d892e792a3624d2a48e22eb81ed6f39249acf252784b0c8c5ca93e0f6e2253cd151cf48bc45b76249258165a26ddd2446ed1794d964b922ad12e70b238aa438baa1557e44a44ad0a9a93126553578631aaa249ac89c9917b7834f53dcaf069d497da1234f82dd8b23a581646310fafe0b8f123b7fc2ed34f04522f02b7e314fc47919854cc0ec8c51adc8d60d466a539c994a876b0628acf86b8a1d34dd16f35c0af965332a852635525f43dd252a20aeba1ca90f989b9dbfb29db1b77ed65e3831ee8f0cdcd67a2dd31565dd8fdcb0b25a9a8a7d0972614322db66deecbada86ba22d5519b2e9dd9c32bbbf09e6c477f42ba136f91e1312ba434488a6d2685f6f07a6d570a5d1076b22ba20c43cf976fc728bae7cbc16c63f931e1f99509c7c31784594c7d222f045d9b89bb76c93c1a8c9e6d94d986b067688791daee90d3a4ccd73918d5558c8f26ece702715c0bb2ed275c152a434f9424aad92bb24ed57d9ba36d7049da49ab4cca9598e6ac51b4db7c8d2f8f654ae86f9b311743a748718f6ec7ca1378a1c93628d36c8e1da1f2db3b1a4c962862a434f24589531ed6aca52ba1269e302231468cfa34f2880bc58fc2381e45e18c7844d6594219f81acff1be7c5d348933a445a289a24f1491aaf97f43a63492e48a436ca96ebe892ec5f7c918c792e594b932dd50b3624a8dab2cbcdf2c59c0ea35627ca2aa99f62be5f084e3d12bb932518acd64c25ce4db69343eede494e0928d58aad5f270dd8adb6c69d37db15526cf6d6324947164695d17149511ce58f287dd3f0f8e47c2626da12763b43c35583dd9b10febb1258160d37844629e51e9dba688182c91c94d794ad8ad1d9818db7c93f93f17e190772aa1e2ca5cf95d8af072df85c0d3b20d1af85163766be20ca4678ab33461fe192c5519fab1c6a8e62556e4439e47de4698aee93317843c55723dae92f9128d3a5c9566d7c6e269a596414ab2493f6a68c545a3a49723725cf06d949aea87685dbba1c9dbece495355d0ba5d09d4a9969a491271296509a5566056743cb446ddb7c11c3661e5126cdcad0b274619020f392069d551a3cbf28aaf0e43f1f7475e3231b46a736f02721b62b2562c0fcd1c0e4f1e2cd37825742c4b2cf56ea09f426b393d4bb8a5f6453638caf072ade08beb924d313764afac991b48b5fd0d55f63b59ac113aaec92c24c56de1d8f1c0ef94895d7343daf69efe9592cdb446de287d35942924269652e44de5d0e2924db1e64fe8dc97581eda2338d16ed8ad362873646f8249da767dd9938e0493e0be8757832fb15a1bac96c52747e4564153b34d91b59345dca86848c16afc34219fd178f2f91e4d4c32f3cd97f910c5fc737e699a7947b87c9ebff00c6ac729276dd172786cf77046d5db15bfe849aeceb9c1858131db486d53c60c368fc9cbcf0c95e5ac22f8c5d8965b36d652c91dc4b0e86e4b0d0de6af08db15cb1e1d709174fd9962cee4c786922e9cb2537c32daec6e75f647eda25ff00c2122e09dd5111ba566116e966cee9bb427f93095b63e302ac52b25cf142ba308c2aae44b96c49afca23dd8d116de0d29496dc8ada4692a921df4478b1f8bac17e1f8b2cb2ac7835448a1a2236909f842bebbf0fcc3b33c92e51ebd6ed26351e454e98eda1628e6d155c14251da8c6768b7516ddae855743a30aacbbbfa1a1f249bc32d532d2744f7493a5436ac8a743976959bab9449b559e4a9bbe84b2c51e6f034f34371585d92a5937628496dbb16e563aa6c9655c5e0c90e55aa26f9ec4f0258189604bec6b931e31d230afa122e44458349dacb3495342c64a3a7e1d3562229b1d191e3c60563579b3553c1c17813bcb78f0d24ec4f9685b9d31d9743af18134f834fb3a247ad4de8c9742fa23f21ee2d24368cd60f70f1842c2fb22dff48769b4910b5cb2f067ae46eed969d2af0e934ba26d72959727461eea66a5a8f1b9114bb745b7ef7842779db91c62a9b473c3b21176d50b96d0ed8ed3fc213558ca398bb372c591ab4c92deaa2ad114f75743c2da8ca6655bab1702baf1eddb5d99aae88aac8d3794534d0d53b1d348dcec7427c9b9559a5249a349c6d08755e3f245af2edb2e8bc093a1ba543636cd57c231632b1e5d742e392d1c8d97e134884adbf0d1ac9cb4350b755e2f253b1f0450dbaa4348ba7c893c6727175868b4dd0ed0f932f111a6b6db1ed7c89edc787769a2f0cbf6aa63536f92dc6e2f862a76ac5695212a793db48c5e393179545eee456ae29d11b4aac4defa6534d4478c97878a45d22124d8a95b372bc916f942144da64b6dd703a4e84d747b685863288b212e0f4934d8f8745b2ac5c52f2cc0e36552328e7c33538fe0d89e4b79c796fa32258f092230ac9f432717b25d1dbb1aece559c0e49116e4b034a86fa4ec8e5bfa36e77267d8b1c3c96fb1364ad5ab33515f43efa45ac76c949bdc9a38aa32f73e8aeb8441e381adcb72f91a9cdb15b2a49beec93b4ab81469b6f8396b039452637cd215cb03155f273cf05a4d24b05de18a9368949df1839a68a4d5f6455e05778336d311cbbf1cb2df021d31158c91747a79edd4889e1f8b66695f25df38131bfb30fc310b0c950d8e9ba638449474c5181b206d8be89a4b813f2da2c4284518a1f893f6b27cca8a5743be092c604ba670f03fc3b3099f4465c5a125d21a4b246ddb896ef088f764a4f3592588a742ebec926ac7549d116d5dbb1c9b74d19c668df25c7437c3a22eb067052c3fa294e4fb1bda937c94f36c767bb7369d21f2a918fe8e8a5b6ee88b695bcd97f6462d5b7c0db4d342a6d51baeec837648a765d71c99ab6379a1b461891963b177643e712dd4467b86e9c4964ca49f862cda3b48a1dbaaf1437b494db141c8da954449e47584cd45791c59b58d3ec4b0db1212647c7684891aa96e923179e0ca796549f781a5d15d31e04b9bc31b8d36fa25869a748f7292ce06e472dd60dc99ec7743c7445daa7c11ae7a1b6f034d257c8d3a1db4add0e1a9d2b43ce2aa4886c4a4991c532e585c1d610dd5a4b6b43966a593b69924e989daa4a991748728f7c12abdc8891abfc0d5d09e0ce13cb62a5c185d096512466b25f08e1a5466d27c149aa29abb424d0b72ef066ec898b5469a7b54895322cceecf23c09bb1ab7743dc88c97229277d22d706e51252b1ca6f8c0e33628704786892cc46feb0ce5fe47bad96ecde6e25293373c51179b626d704a5b55b2324d5a149e491af1dba938b1e5522574b249b755947de0965a1abb627da5649bbce58df0d9a8e5d76269356ec5f2e07b7760554e3d8feeb04bdbb76a13774c7519b543b7ca249ed781a4d266dfc0fe4cff90b8d227f262e47fee4b946a70c7c4cd2f92266b7f8d1d408f2c7f143f8448ff8c810e664be6c7c327fe84fe28fff00512e644fa23f246afc6469764f8643891119a7f080b9890e643ff2b353e6c88c891e19db3508fc50864897fa8be685c0c8fc87f27e3fd8ed12ff002234f91fc58b946b9a5f08f87f167abff2489f08fb23cb23c23ff505cccd0e242ff23353927c334ffc67fac89f443b357fd07f3812f99a9c9adc23445f1669fc51ffd9, 'pont', 'male', '19900215', 0);
INSERT INTO `users` (`email`, `password`, `img`, `userName`, `sexo`, `nacimiento`, `puntos`) VALUES
('yago@ascii.com', 'yago', NULL, 'Yago', '', '', 0);

--
-- Índices para tablas volcadas
--

--
-- Indices de la tabla `amistad`
--
ALTER TABLE `amistad`
  ADD PRIMARY KEY (`Amigado`,`Amigador`),
  ADD KEY `Amigador` (`Amigador`);

--
-- Indices de la tabla `preguntas`
--
ALTER TABLE `preguntas`
  ADD PRIMARY KEY (`id`);

--
-- Indices de la tabla `respuestas`
--
ALTER TABLE `respuestas`
  ADD PRIMARY KEY (`id`,`idPregunta`),
  ADD KEY `idPregunta` (`idPregunta`);

--
-- Indices de la tabla `respuestausuario`
--
ALTER TABLE `respuestausuario`
  ADD PRIMARY KEY (`idPregunta`,`idRespuesta`,`usuario`),
  ADD KEY `idRespuesta` (`idRespuesta`),
  ADD KEY `usuario` (`usuario`);

--
-- Indices de la tabla `sessions`
--
ALTER TABLE `sessions`
  ADD PRIMARY KEY (`session_id`);

--
-- Indices de la tabla `users`
--
ALTER TABLE `users`
  ADD UNIQUE KEY `email` (`email`);

--
-- AUTO_INCREMENT de las tablas volcadas
--

--
-- AUTO_INCREMENT de la tabla `preguntas`
--
ALTER TABLE `preguntas`
  MODIFY `id` int(10) NOT NULL AUTO_INCREMENT, AUTO_INCREMENT=23;

--
-- AUTO_INCREMENT de la tabla `respuestas`
--
ALTER TABLE `respuestas`
  MODIFY `id` int(10) NOT NULL AUTO_INCREMENT, AUTO_INCREMENT=26;

--
-- Restricciones para tablas volcadas
--

--
-- Filtros para la tabla `amistad`
--
ALTER TABLE `amistad`
  ADD CONSTRAINT `amistad_ibfk_1` FOREIGN KEY (`Amigado`) REFERENCES `users` (`email`),
  ADD CONSTRAINT `amistad_ibfk_2` FOREIGN KEY (`Amigador`) REFERENCES `users` (`email`);

--
-- Filtros para la tabla `respuestas`
--
ALTER TABLE `respuestas`
  ADD CONSTRAINT `respuestas_ibfk_1` FOREIGN KEY (`idPregunta`) REFERENCES `preguntas` (`id`);

--
-- Filtros para la tabla `respuestausuario`
--
ALTER TABLE `respuestausuario`
  ADD CONSTRAINT `respuestausuario_ibfk_1` FOREIGN KEY (`idPregunta`) REFERENCES `preguntas` (`id`),
  ADD CONSTRAINT `respuestausuario_ibfk_2` FOREIGN KEY (`idRespuesta`) REFERENCES `respuestas` (`id`),
  ADD CONSTRAINT `respuestausuario_ibfk_3` FOREIGN KEY (`usuario`) REFERENCES `users` (`email`);
COMMIT;

/*!40101 SET CHARACTER_SET_CLIENT=@OLD_CHARACTER_SET_CLIENT */;
/*!40101 SET CHARACTER_SET_RESULTS=@OLD_CHARACTER_SET_RESULTS */;
/*!40101 SET COLLATION_CONNECTION=@OLD_COLLATION_CONNECTION */;
